#{"t_start": 1626984388.574869, "env_id": null}
r,l,t
-41.14723,99,0.963188
-39.73835,99,1.287272
-37.08762,99,1.604368
-38.201027,99,1.92303
-40.751064,99,2.337492
-23.370895,94,2.678108
-24.604332,99,3.012259
-24.556747,99,3.349766
-24.61423,99,3.686279
-24.604332,99,4.02228
-42.69635,99,4.437446
-40.097183,99,4.781449
-38.926678,99,5.136449
-34.19126,99,5.54236
-40.4795,99,5.860147
-23.370895,94,6.212337
-24.60928,99,6.555921
-24.609282,99,6.894406
-24.604332,99,7.229888
-24.588284,99,7.567271
-41.163895,99,7.91007
-38.62605,99,8.235357
-39.001926,99,8.58608
-42.367836,99,8.908918
-36.04129,99,9.227048
-23.34495,94,9.572918
-24.590546,99,9.905176
-24.599384,99,10.241142
-24.607647,99,10.573011
-24.599382,99,10.909385
-33.770397,99,11.365306
-36.843014,99,11.867618
-38.47701,99,12.194474
-37.89415,99,12.513286
-37.907642,99,12.833863
-23.308464,94,13.218605
-24.583334,99,13.556087
-24.605898,99,13.897954
-24.578384,99,14.252172
-24.561695,99,14.616132
-39.898895,99,15.05492
-38.13624,99,15.371445
-36.061905,99,15.713346
-40.710037,99,16.035712
-37.437126,99,16.444357
-23.363667,94,16.890575
-24.61423,99,17.303574
-24.588284,99,17.731376
-24.600443,99,18.161472
-24.61423,99,18.582902
-40.419186,99,19.022271
-36.662094,99,19.421033
-40.969425,99,19.760006
-40.539345,99,20.148912
-38.222836,99,20.481897
-23.364313,94,20.815189
-24.60928,99,21.174075
-24.61423,99,21.518079
-24.609282,99,21.851854
-24.600443,99,22.189516
-34.806908,99,22.552751
-39.347046,99,22.868039
-42.462757,99,23.303612
-37.046577,99,23.704334
-36.973366,99,24.106063
-23.359365,94,24.515062
-24.605434,99,24.986888
-24.61423,99,25.497889
-24.583334,99,25.95889
-24.600948,99,26.395888
-42.1847,99,26.869051
-40.29348,99,27.219542
-45.05374,99,27.555544
-36.43258,99,27.909535
-41.027664,99,28.251533
-23.370895,94,28.719784
-24.600443,99,29.057905
-24.588284,99,29.396165
-24.561695,99,29.748436
-24.607647,99,30.171681
-40.24625,99,30.597213
-42.940575,99,31.003698
-36.471336,99,31.413156
-35.346268,99,31.820419
-33.21537,99,32.259356
-23.370895,94,32.687032
-24.589417,99,33.114461
-24.61423,99,33.456352
-24.61423,99,33.826392
-24.61423,99,34.185352
-42.217987,99,34.636682
-35.383892,99,34.971682
-41.943134,99,35.311682
-37.54496,99,35.764723
-35.38844,99,36.168679
-23.370895,94,36.602775
-24.604332,99,37.057775
-24.596312,99,37.50286
-24.594366,99,37.946858
-24.561695,99,38.381897
-39.201008,99,38.931733
-43.05917,99,39.341887
-40.36463,99,39.866702
-36.01294,99,40.271977
-38.978226,99,40.674107
-23.370895,94,41.078829
-24.61423,99,41.410214
-24.61423,99,41.753095
-24.605434,99,42.092593
-24.605434,99,42.440555
-37.020397,99,42.88701
-38.487415,99,43.225964
-35.724762,99,43.61114
-42.690666,99,44.009937
-36.979366,99,44.407787
-23.360468,94,45.010523
-24.58669,99,45.431676
-24.583334,99,45.854258
-24.595493,99,46.285303
-24.578384,99,46.703557
-39.736168,99,47.231819
-34.842796,99,47.634927
-41.636032,99,48.046888
-37.069897,99,48.447717
-43.31105,99,48.941837
-23.343357,94,49.357838
-24.578384,99,49.785561
-24.609282,99,50.330422
-24.61423,99,50.785155
-24.600443,99,51.270152
-39.20088,99,51.790153
-43.289997,99,52.291152
-37.54474,99,52.849151
-42.338116,99,53.399153
-35.4251,99,53.852151
-23.365948,94,54.331152
-24.61423,99,54.809165
-24.561695,99,55.257151
-24.556747,99,55.711152
-24.605434,99,56.167151
-37.36903,99,56.753587
-44.864765,99,57.185587
-37.981094,99,57.720378
-42.87932,99,58.146376
-36.49522,99,58.579376
-23.370895,94,59.032378
-24.604332,99,59.493376
-24.592802,99,59.951379
-24.560575,99,60.417377
-24.595495,99,60.869375
-41.94995,99,61.341376
-38.441517,99,61.835376
-40.904552,99,62.266377
-40.069546,99,62.705376
-39.345535,99,63.133378
-23.352203,94,63.740608
-24.610846,99,64.190607
-24.61423,99,64.628605
-24.61423,99,65.080612
-24.61423,99,65.526608
-42.29109,99,66.085162
-40.027466,99,66.514163
-39.770752,99,66.950165
-37.12638,99,67.374161
-44.075237,99,67.814162
-23.370895,94,68.259162
-24.600443,99,68.708162
-24.601261,99,69.153162
-24.60928,99,69.595161
-24.600443,99,70.030164
-44.114563,99,70.514162
-45.161575,99,70.941163
-38.8164,99,71.363162
-39.040905,99,71.850161
-39.485046,99,72.276162
-23.370895,94,72.722162
-24.595493,99,73.164162
-24.61423,99,73.607161
-24.604332,99,74.054168
-24.61423,99,74.497162
-36.966652,99,75.054753
-33.74293,99,75.481748
-37.64951,99,75.99994
-40.049664,99,76.422941
-37.979446,99,76.86094
-23.359365,94,77.310941
-24.61423,99,77.761943
-24.600948,99,78.21594
-24.61423,99,78.66894
-24.61423,99,79.169944
-38.22772,99,79.735941
-38.65733,99,80.19794
-34.51235,99,80.63194
-42.815044,99,81.056942
-35.37179,99,81.48994
-23.352978,94,82.08292
-24.604332,99,82.57895
-24.610384,99,82.992606
-24.583334,99,83.48456
-24.61423,99,83.927562
-41.23165,99,84.37456
-40.826553,99,84.803561
-36.65367,99,85.233561
-36.4169,99,85.659563
-39.66975,99,86.216757
-23.313412,94,86.663753
-24.609282,99,87.113754
-24.59164,99,87.555753
-24.61423,99,88.000752
-24.561695,99,88.439757
-43.75215,99,89.014731
-37.462326,99,89.430732
-39.255985,99,89.859734
-39.654327,99,90.422518
-43.499207,99,90.854517
-23.36705,94,91.343519
-24.590544,99,91.7611
-24.61423,99,92.191738
-24.609282,99,92.607956
-24.590546,99,93.030154
-34.709538,99,93.563168
-44.417377,99,93.96898
-36.94957,99,94.510262
-33.532963,99,94.905922
-36.274105,99,95.303922
-23.36705,94,95.717142
-24.61423,99,96.142246
-24.61423,99,96.561913
-24.588284,99,97.011731
-24.590544,99,97.429689
-34.418285,99,97.891186
-40.880966,99,98.30752
-42.163754,99,98.708721
-37.071716,99,99.112822
-43.55758,99,99.515795
-23.33213,94,99.955966
-24.595495,99,100.377966
-24.604332,99,100.795965
-24.607647,99,101.214967
-24.583334,99,101.632915
-39.179153,99,102.064742
-39.689438,99,102.463731
-41.935917,99,102.864331
-36.2667,99,103.264687
-38.399536,99,103.790576
-23.318361,94,104.210364
-24.580412,99,104.629196
-24.61423,99,105.048239
-24.59775,99,105.474282
-24.583334,99,105.897324
-37.81783,99,106.42281
-36.91245,99,106.821479
-36.188534,99,107.225422
-39.95793,99,107.748895
-35.737328,99,108.146817
-23.360998,94,108.562115
-24.590546,99,108.983507
-24.607647,99,109.438238
-24.610846,99,109.876235
-24.60928,99,110.29563
-36.06266,99,110.832108
-39.242523,99,111.236509
-35.8463,99,111.78866
-39.50859,99,112.184485
-38.564007,99,112.58452
-23.359364,94,113.006362
-24.588284,99,113.427102
-24.580433,99,113.849851
-24.565525,99,114.272118
-24.61423,99,114.696701
-42.885365,99,115.136179
-42.654594,99,115.561004
-40.63751,99,115.963557
-37.610477,99,116.361368
-38.68134,99,116.763645
-23.34,94,117.21161
-24.61423,99,117.630534
-24.578386,99,118.048459
-24.590546,99,118.469425
-24.595495,99,118.889802
-40.811455,99,119.43671
-38.99723,99,119.83638
-38.0152,99,120.236382
-35.626392,99,120.641859
-38.17221,99,121.057461
-23.35605,94,121.477322
-24.607647,99,121.897318
-24.61423,99,122.314702
-24.609282,99,122.735066
-24.60433,99,123.152882
-39.81861,99,123.619267
-36.74685,99,124.024092
-41.400623,99,124.428436
-37.905373,99,124.853039
-38.412758,99,125.251171
-23.353727,94,125.66997
-24.609282,99,126.091246
-24.556746,99,126.511513
-24.61423,99,126.932521
-24.58973,99,127.353936
-36.53491,99,127.780787
-37.87061,99,128.181745
-39.37336,99,128.775994
-40.53341,99,129.178963
-39.822506,99,129.572993
-23.359365,94,129.988811
-24.58069,99,130.409807
-24.61423,99,130.829812
-24.60928,99,131.248513
-24.600443,99,131.671298
-47.571213,99,132.255522
-41.370777,99,132.788325
-40.25164,99,133.191282
-32.92324,99,133.591605
-37.092392,99,133.989254
-23.365948,94,134.54721
-24.61423,99,134.965982
-24.60433,99,135.386137
-24.61423,99,135.805602
-24.607647,99,136.225599
-39.73587,99,136.770058
-39.964977,99,137.174688
-37.588524,99,137.573867
-38.620396,99,137.972561
-39.313805,99,138.420542
-23.352161,94,138.838547
-24.60928,99,139.260068
-24.604332,99,139.679919
-24.61423,99,140.095392
-24.575314,99,140.517739
-42.886105,99,141.039664
-41.787403,99,141.438893
-37.192554,99,141.838862
-36.461964,99,142.356429
-41.478424,99,142.756246
-23.364313,94,143.175934
-24.61423,99,143.596831
-24.61423,99,144.012832
-24.60928,99,144.432686
-24.600443,99,144.868086
-37.480885,99,145.412121
-40.68186,99,145.811106
-44.12343,99,146.360401
-38.223907,99,146.760439
-36.66811,99,147.159723
-23.365948,94,147.577661
-24.61423,99,147.998403
-24.61423,99,148.417201
-24.560104,99,148.839473
-24.600443,99,149.256473
-39.01846,99,149.683475
-33.855816,99,150.226652
-43.083885,99,150.628474
-39.093628,99,151.028503
-37.71404,99,151.429171
-23.344141,94,152.060966
-24.61423,99,152.485644
-24.61423,99,152.906337
-24.565052,99,153.332934
-24.604332,99,153.756912
-38.250988,99,154.216616
-43.324722,99,154.614262
-35.562363,99,155.017659
-37.80044,99,155.416508
-37.79295,99,155.834665
-23.365946,94,156.250713
-24.580933,99,156.662243
-24.61423,99,157.078634
-24.609282,99,157.499284
-24.604332,99,157.916594
-37.23422,99,158.459106
-35.593327,99,158.858022
-36.43504,99,159.258252
-36.74643,99,159.816898
-37.043816,99,160.215897
-23.365948,94,160.63145
-24.61423,99,161.052471
-24.61423,99,161.475986
-24.61423,99,161.895525
-24.595495,99,162.312709
-41.151234,99,162.859769
-42.53544,99,163.25765
-42.086246,99,163.728673
-38.08832,99,164.129248
-38.539097,99,164.532284
-23.370895,94,164.951528
-24.604332,99,165.37069
-24.520275,99,165.788184
-24.61423,99,166.200462
-24.609282,99,166.617352
-36.25843,99,167.148449
-41.856014,99,167.685058
-39.297386,99,168.083426
-38.364975,99,168.48146
-37.03355,99,168.878422
-23.365948,94,169.431537
-24.609282,99,169.850351
-24.595493,99,170.265374
-24.583334,99,170.680764
-24.565525,99,171.094677
-36.74963,99,172.181787
-44.01153,99,172.587136
-38.798866,99,172.987062
-39.296623,99,173.385488
-42.324734,99,173.9103
-23.3621,94,174.327907
-24.609282,99,174.752472
-24.61423,99,175.170196
-24.604332,99,175.59086
-24.610384,99,176.009956
-42.02982,99,176.560429
-39.42983,99,176.958285
-35.58795,99,177.358444
-39.84046,99,177.894435
-38.390274,99,178.288395
-23.337078,94,178.703775
-24.609282,99,179.122032
-24.609282,99,179.537812
-24.604263,99,179.953497
-24.578384,99,180.372855
-39.64991,99,180.801877
-41.153458,99,181.20265
-37.89125,99,181.632458
-39.700825,99,182.033201
-37.424774,99,182.425321
-23.365948,94,182.838318
-24.59775,99,183.253659
-24.604332,99,183.674068
-24.583334,99,184.092072
-24.600443,99,184.510743
-37.693897,99,184.947468
-39.769276,99,185.37658
-37.756256,99,185.773249
-35.31747,99,186.173159
-44.63293,99,186.571013
-23.34,94,187.022018
-24.600443,99,187.441518
-24.600487,99,187.855551
-24.596312,99,188.268408
-24.590546,99,188.684655
-35.443417,99,189.240645
-40.40809,99,189.636299
-39.653996,99,190.039297
-41.591545,99,190.440102
-43.941372,99,191.59868
-23.36705,94,192.017882
-24.610384,99,192.436569
-24.602697,99,192.856568
-24.61423,99,193.272386
-24.605896,99,193.695017
-39.016125,99,194.223631
-39.634438,99,194.617357
-37.41941,99,195.01517
-35.318253,99,195.534075
-39.23829,99,195.936073
-23.367512,94,196.35353
-24.546848,99,196.770719
-24.607647,99,197.189924
-24.609282,99,197.59702
-24.583334,99,198.010008
-39.609066,99,198.529083
-36.32188,99,198.929045
-41.2725,99,199.435894
-39.236206,99,199.834388
-41.430614,99,200.234971
-23.34495,94,200.650262
-24.61423,99,201.067879
-24.6027,99,201.485062
-24.556746,99,201.902622
-24.590546,99,202.321627
-40.60621,99,202.779453
-38.237274,99,203.286924
-36.790955,99,203.687121
-41.096893,99,204.088799
-38.074085,99,204.485379
-23.370895,94,205.033784
-24.610384,99,205.454602
-24.607647,99,205.871063
-24.600443,99,206.287679
-24.610846,99,206.70784
-37.929173,99,207.250684
-39.26016,99,207.640867
-40.206844,99,208.03244
-38.11559,99,208.434617
-39.09066,99,208.961372
-23.352161,94,209.379048
-24.551798,99,209.791919
-24.600443,99,210.209141
-24.595495,99,210.622101
-24.534483,99,211.039304
-39.800667,99,211.581378
-40.999546,99,211.979455
-38.54515,99,212.386538
-40.68819,99,212.83079
-40.227375,99,213.229723
-23.364313,94,213.649294
-24.588284,99,214.06998
-24.609282,99,214.4849
-24.600443,99,214.902795
-24.602697,99,215.316479
-39.655865,99,215.756631
-39.463074,99,216.155894
-39.290874,99,216.584213
-41.494953,99,216.985211
-35.088245,99,217.380175
-23.318361,94,217.796369
-24.556746,99,218.217774
-24.61423,99,218.642084
-24.588284,99,219.06589
-24.61423,99,219.489813
-42.940434,99,220.015593
-37.560688,99,220.442009
-36.68757,99,220.836771
-43.070896,99,221.233539
-40.058914,99,221.629122
-23.36705,94,222.108814
-24.560104,99,222.52873
-24.60928,99,222.951224
-24.609282,99,223.370012
-24.583334,99,223.789742
-35.343838,99,224.302444
-38.322685,99,224.701409
-37.130116,99,225.102839
-42.97738,99,225.499331
-44.98243,99,225.995282
-23.318361,94,226.411664
-24.609282,99,226.830049
-24.61423,99,227.251026
-24.598852,99,227.671297
-24.596312,99,228.093464
-39.72501,99,228.597222
-39.431435,99,228.996186
-40.902245,99,229.39819
-39.28313,99,229.924193
-39.34912,99,230.323949
-23.370895,94,230.734989
-24.61423,99,231.158556
-24.60928,99,231.582008
-24.61423,99,231.999635
-24.604332,99,232.416852
-40.791924,99,232.865974
-34.260044,99,233.263255
-38.56857,99,233.698418
-40.910297,99,234.097495
-37.075336,99,234.498303
-23.365948,94,234.917648
-24.561695,99,235.336652
-24.60928,99,235.754108
-24.565523,99,236.174263
-24.61423,99,236.596298
-36.247265,99,237.037113
-39.251038,99,237.575029
-34.44037,99,237.964028
-36.684597,99,238.361403
-41.9816,99,238.751334
-23.370895,94,239.299744
-24.588284,99,239.719913
-24.61423,99,240.136542
-24.607647,99,240.560884
-24.61423,99,240.983923
-38.046906,99,241.415323
-41.828777,99,241.821468
-40.201336,99,242.21715
-36.242462,99,242.613115
-35.109673,99,243.060539
-23.36705,94,243.477167
-24.61423,99,243.887165
-24.609282,99,244.305168
-24.610384,99,244.739163
-24.586414,99,245.158163
-35.165882,99,245.648018
-31.685917,99,246.04029
-37.239395,99,246.440229
-35.184025,99,246.868213
-38.365902,99,247.285213
-23.318361,94,247.703096
-24.561695,99,248.125205
-24.609282,99,248.548573
-24.600443,99,248.971988
-24.556746,99,249.393893
-34.933502,99,249.917949
-42.46215,99,250.32883
-36.711548,99,250.85943
-36.27651,99,251.257528
-34.642994,99,251.656378
-23.365946,94,252.074739
-24.538845,99,252.491982
-24.555155,99,252.913986
-24.610846,99,253.328826
-24.604332,99,253.748491
-39.02809,99,254.273302
-39.069954,99,254.695599
-36.99774,99,255.094647
-42.070324,99,255.493213
-31.546343,99,255.890889
-23.34495,94,256.442924
-24.600443,99,256.864705
-24.610846,99,257.283365
-24.6027,99,257.701142
-24.592802,99,258.117792
-41.128258,99,258.658577
-37.586327,99,259.055512
-38.37045,99,259.459867
-33.591854,99,259.864017
-41.724895,99,260.418942
-23.36705,94,260.836495
-24.604332,99,261.256173
-24.61423,99,261.675414
-24.604332,99,262.093466
-24.609282,99,262.510184
-42.7966,99,262.941918
-40.22065,99,263.343989
-37.263,99,263.74574
-40.970295,99,264.175635
-36.696037,99,264.572006
-23.35711,94,264.99945
-24.561695,99,265.420448
-24.61423,99,265.840446
-24.578384,99,266.261767
-24.588284,99,266.681847
-42.74979,99,267.211832
-41.46856,99,267.60105
-40.853004,99,268.141001
-37.71059,99,268.542209
-35.55236,99,268.93983
-23.367512,94,269.359916
-24.59775,99,269.777755
-24.609282,99,270.196872
-24.609282,99,270.616268
-24.603802,99,271.032624
-40.52827,99,271.467661
-33.613808,99,271.894372
-44.612007,99,272.298927
-42.481743,99,272.696234
-33.151608,99,273.143864
-23.365948,94,273.730865
-24.60928,99,274.145863
-24.604332,99,274.579861
-24.561695,99,275.003864
-24.592464,99,275.423884
-37.090824,99,275.920219
-39.95398,99,276.349222
-41.19282,99,276.838217
-36.17415,99,277.317219
-39.26581,99,277.819942
-23.364313,94,278.238621
-24.604332,99,278.657658
-24.60928,99,279.077415
-24.589485,99,279.493651
-24.609282,99,279.910652
-38.34324,99,280.788624
-37.734966,99,281.187817
-38.363358,99,281.588431
-38.38138,99,282.515581
-38.65547,99,282.903543
-23.365946,94,283.311584
-24.60928,99,283.728599
-24.604332,99,284.14797
-24.595997,99,284.569331
-24.609282,99,284.987898
-42.040905,99,285.434618
-40.752064,99,285.833682
-43.891533,99,286.254677
-37.819565,99,286.651975
-38.69535,99,287.053235
-23.313412,94,287.477276
-24.600443,99,287.901268
-24.596312,99,288.326115
-24.588284,99,288.750716
-24.605434,99,289.170778
-42.376648,99,289.707271
-38.321236,99,290.123216
-43.407295,99,290.524502
-40.394073,99,290.92208
-41.80036,99,291.317597
-23.370895,94,291.865987
-24.604332,99,292.281382
-24.602697,99,292.696547
-24.609282,99,293.120049
-24.595535,99,293.537428
-40.267944,99,294.065758
-40.138523,99,294.464671
-39.307552,99,294.867898
-38.47704,99,295.265486
-37.715477,99,295.854645
-23.34,94,296.275952
-24.61423,99,296.697184
-24.60928,99,297.115018
-24.61423,99,297.526304
-24.588284,99,297.946337
-36.372536,99,298.385236
-41.926838,99,298.777119
-36.874157,99,299.177334
-38.28407,99,299.595562
-38.05079,99,299.995054
-23.370895,94,300.411625
-24.61423,99,300.834888
-24.59164,99,301.261666
-24.61423,99,301.68222
-24.588284,99,302.100418
-38.683937,99,302.539749
-41.004253,99,302.939862
-42.108498,99,303.364105
-36.75017,99,303.765428
-40.800358,99,304.162426
-23.365946,94,304.582282
-24.583334,99,305.002606
-24.610384,99,305.425519
-24.605434,99,305.8434
-24.605434,99,306.262087
-40.352345,99,306.710852
-39.79566,99,307.129004
-41.582905,99,307.529925
-37.690346,99,307.929391
-39.169563,99,308.332186
-23.364313,94,308.798748
-24.605434,99,309.218648
-24.588284,99,309.636649
-24.599382,99,310.057652
-24.61423,99,310.475652
-37.046974,99,311.009412
-38.19478,99,311.404372
-40.81867,99,311.799344
-38.637146,99,312.200359
-39.509506,99,312.731114
-23.34495,94,313.15098
-24.60928,99,313.565146
-24.6027,99,313.985521
-24.609282,99,314.399559
-24.597101,99,314.816971
-33.56714,99,315.345247
-38.21037,99,315.754982
-40.524563,99,316.157231
-38.275505,99,316.678421
-37.254074,99,317.075264
-23.370895,94,317.493723
-24.551796,99,317.911613
-24.61423,99,318.334777
-24.600443,99,318.752777
-24.61423,99,319.173435
-38.985275,99,319.743642
-41.28024,99,320.142991
-37.49243,99,320.58749
-37.020023,99,320.985215
-39.195686,99,321.384252
-23.365948,94,321.807109
-24.61423,99,322.226279
-24.609282,99,322.645696
-24.605434,99,323.063322
-24.595493,99,323.479595
-38.4581,99,324.013093
-39.432156,99,324.542316
-44.43806,99,324.941682
-39.342525,99,325.340429
-38.67831,99,325.738746
-23.367512,94,326.202594
-24.609282,99,326.620469
-24.583334,99,327.037051
-24.61423,99,327.460044
-24.604332,99,327.881393
-41.320923,99,328.307049
-43.399258,99,328.704484
-38.556705,99,329.102404
-41.843136,99,329.499021
-42.587254,99,330.025175
-23.355518,94,330.44646
-24.595495,99,330.869268
-24.607647,99,331.288108
-24.515327,99,331.71015
-24.595535,99,332.134887
-34.82463,99,332.606888
-42.211674,99,333.071889
-39.464806,99,333.527888
-41.4115,99,334.009462
-33.407825,99,334.407462
-23.370895,94,334.826459
-24.610384,99,335.26152
-24.609282,99,335.703518
-24.599382,99,336.121519
-24.607647,99,336.539567
-37.716408,99,337.042042
-44.669304,99,337.461043
-42.413418,99,337.937708
-37.153755,99,338.338361
-36.872437,99,338.743484
-23.365946,94,339.154121
-24.61423,99,339.562929
-24.61423,99,340.020354
-24.597414,99,340.448353
-24.609282,99,340.854351
-41.823666,99,342.092901
-36.616302,99,343.67332
-38.69146,99,344.073586
-37.47739,99,344.472691
-38.69231,99,344.861999
-23.370895,94,345.945517
-24.5928,99,346.36252
-24.609282,99,346.777962
-24.596312,99,347.197767
-24.61423,99,347.614051
-37.312145,99,348.147226
-38.091938,99,348.543582
-37.63145,99,348.944082
-38.502968,99,349.339793
-40.046932,99,349.932957
-23.367512,94,350.349733
-24.61423,99,350.764667
-24.588284,99,351.185401
-24.59164,99,351.600749
-24.546848,99,352.019562
-40.757156,99,353.021198
-41.694557,99,353.422196
-38.028904,99,353.819992
-35.23702,99,354.249047
-42.74431,99,354.636049
-23.313414,94,355.054766
-24.595493,99,355.46688
-24.583334,99,355.886118
-24.583334,99,356.301387
-24.609282,99,356.727158
-37.149437,99,357.256332
-36.722313,99,357.655226
-40.27076,99,358.222079
-39.963913,99,358.620552
-38.93644,99,359.016795
-23.370895,94,359.43639
-24.600443,99,359.856847
-24.583334,99,360.27263
-24.600443,99,360.693046
-24.605898,99,361.125202
-38.987267,99,361.544459
-38.65547,99,361.968384
-39.695335,99,362.368266
-32.789818,99,362.762627
-37.904938,99,363.150266
-23.370895,94,363.606012
-24.61423,99,364.019012
-24.595495,99,364.430662
-24.609282,99,364.850666
-24.610384,99,365.27065
-40.4919,99,365.68525
-37.385815,99,366.081966
-38.8836,99,366.47629
-41.88527,99,366.878758
-42.883114,99,367.318736
-23.34,94,367.727435
-24.538994,99,368.147834
-24.583334,99,368.5668
-24.604332,99,368.987724
-24.609282,99,369.405279
-40.094246,99,369.870242
-45.279457,99,370.266145
-35.830105,99,370.661182
-39.011578,99,371.084239
-40.035168,99,371.482615
-23.370895,94,371.901111
-24.609282,99,372.319107
-24.604332,99,372.737151
-24.605898,99,373.152149
-24.61423,99,373.569758
-35.936142,99,374.093073
-41.976837,99,374.490311
-34.908726,99,374.94431
-35.84416,99,375.344101
-36.4489,99,375.734099
-23.359364,94,376.145788
-24.609282,99,376.551471
-24.525225,99,376.969133
-24.605434,99,377.387455
-24.607647,99,377.803041
-37.28677,99,378.325265
-46.390617,99,378.736345
-37.76184,99,379.138345
-44.143917,99,379.532381
-35.898582,99,379.928663
-23.365948,94,380.465563
-24.60928,99,380.884288
-24.58973,99,381.304544
-24.515327,99,381.719973
-24.609282,99,382.132481
-39.83618,99,382.667292
-37.191772,99,383.063472
-37.14018,99,383.463738
-39.96835,99,383.861316
-38.616493,99,384.405541
-23.370895,94,384.819545
-24.578386,99,385.235117
-24.609282,99,385.653779
-24.609282,99,386.071256
-24.596312,99,386.493086
-38.057194,99,386.913182
-38.52951,99,387.310091
-39.38876,99,387.712116
-41.12151,99,388.248185
-43.79739,99,388.648383
-23.365948,94,389.069225
-24.604332,99,389.487506
-24.609282,99,389.903289
-24.609282,99,390.316159
-24.61423,99,390.733715
-43.75704,99,391.189133
-40.181797,99,391.585603
-42.160816,99,392.024183
-36.925724,99,392.4227
-36.128414,99,392.816697
-23.365946,94,393.229529
-24.61423,99,393.648002
-24.609282,99,394.066077
-24.595495,99,394.479079
-24.610384,99,394.896914
-43.242207,99,395.335259
-39.677803,99,395.761504
-41.759987,99,396.162506
-44.915283,99,396.559044
-37.478397,99,396.957824
-23.3621,94,397.523827
-24.610846,99,397.937723
-24.600487,99,398.356764
-24.61423,99,398.777541
-24.609282,99,399.198723
-39.6045,99,399.731617
-40.291664,99,400.131617
-34.85424,99,400.531898
-39.595577,99,400.929593
-36.43615,99,401.448904
-23.365948,94,401.865666
-24.600948,99,402.284613
-24.601261,99,402.701911
-24.61423,99,403.123618
-24.61423,99,403.541712
-39.927856,99,404.076709
-44.98154,99,404.462712
-38.16813,99,404.853366
-41.422337,99,405.378412
-40.126865,99,405.774575
-23.35057,94,406.191297
-24.603802,99,406.608214
-24.59775,99,407.025333
-24.588284,99,407.442753
-24.585598,99,407.859405
-36.719105,99,408.387545
-38.751034,99,408.784456
-35.35887,99,409.319346
-38.249664,99,409.73531
-41.025497,99,410.156345
-23.365946,94,410.569058
-24.60928,99,410.98711
-24.583334,99,411.408072
-24.556746,99,411.825816
-24.61423,99,412.243932
-36.541447,99,412.775295
-41.189636,99,413.291635
-36.511482,99,413.691852
-39.705025,99,414.089231
-37.887096,99,414.489815
-23.359365,94,415.047188
-24.61423,99,415.465744
-24.59775,99,415.884549
-24.600948,99,416.30237
-24.600443,99,416.722631
-38.444363,99,417.17676
-40.667393,99,417.576176
-39.889072,99,417.98618
-37.03547,99,418.378877
-40.64742,99,418.836035
-23.34495,94,419.254715
-24.61423,99,419.672898
-24.576792,99,420.08907
-24.610384,99,420.5084
-24.575314,99,420.926017
-38.824574,99,421.352983
-39.764877,99,421.748867
-39.179134,99,422.15058
-35.34389,99,422.577669
-37.41333,99,422.981515
-23.370895,94,423.399565
-24.61423,99,423.816216
-24.61423,99,424.234405
-24.59164,99,424.64827
-24.61423,99,425.070077
-38.263947,99,425.484107
-37.06996,99,425.88067
-34.14729,99,426.449269
-36.0475,99,426.848653
-44.34342,99,427.246916
-23.364313,94,427.668617
-24.61423,99,428.078568
-24.598852,99,428.496152
-24.588284,99,428.915509
-24.600443,99,429.333099
-35.658115,99,429.859848
-38.515686,99,430.403747
-46.288834,99,430.793746
-39.44382,99,431.190965
-39.60893,99,431.591937
-23.318361,94,432.166292
-24.610846,99,432.586909
-24.604332,99,432.998995
-24.61423,99,433.408775
-24.556746,99,433.824657
-34.304768,99,435.022072
-29.655834,99,435.570072
-33.44158,99,436.134069
-38.826225,99,436.691073
-38.122414,99,437.28507
-28.023542,94,437.733834
-46.02378,99,438.14325
-46.89941,99,438.563247
-43.393642,99,438.97924
-55.56776,99,439.397629
-39.56286,99,440.125455
-37.065174,99,440.708456
-39.862545,99,441.255455
-39.69203,99,441.844453
-41.054695,99,442.402453
-48.73988,94,442.840454
-46.426476,99,443.254711
-42.99092,99,443.674712
-44.625248,99,444.089748
-27.26405,99,444.51533
-35.006634,99,445.216261
-35.194515,99,445.804262
-39.83683,99,446.474261
-36.96019,99,447.026258
-41.54584,99,447.585262
-40.69679,94,448.024935
-42.602245,99,448.441142
-46.985195,99,448.860865
-40.30097,99,449.278968
-41.297832,99,449.704343
-38.842197,99,450.399559
-46.051704,99,451.047559
-41.37282,99,451.628561
-38.743156,99,452.184558
-41.517204,99,452.747562
-36.89599,94,453.291563
-30.341316,99,453.711303
-31.001745,99,454.12714
-30.713991,99,454.543789
-40.18114,99,454.959497
-41.80768,99,455.644862
-38.367226,99,456.196862
-45.145924,99,456.745863
-44.36656,99,457.288862
-45.43802,99,457.875862
-52.16073,94,458.320863
-48.811916,99,458.739863
-47.59436,99,459.160865
-46.559128,99,459.583817
-46.850067,99,460.003813
-46.59589,99,460.584858
-44.453476,99,461.134862
-38.429054,99,461.673862
-40.632774,99,462.325862
-40.299515,99,462.871862
-39.98789,94,463.315909
-40.599262,99,463.736691
-43.755527,99,464.155574
-40.99299,99,464.575264
-40.65525,99,464.983266
-42.33819,99,465.672249
-40.23166,99,466.240249
-39.08016,99,466.837247
-34.895847,99,467.388249
-38.773975,99,467.937248
-23.01393,94,468.441251
-24.214369,99,468.929248
-23.922003,99,469.366251
-24.167307,99,469.788872
-24.181166,99,470.204549
-44.7226,99,470.891467
-41.227886,99,471.492466
-38.99002,99,472.048467
-42.003452,99,472.599467
-39.459305,99,473.152468
-37.281025,94,473.738467
-36.421963,99,474.158467
-34.34357,99,474.576404
-35.706955,99,475.001428
-36.34177,99,475.422469
-47.363213,99,476.105966
-45.359543,99,476.665967
-39.51842,99,477.223969
-36.1706,99,477.764964
-42.549423,99,478.383968
-30.113867,94,478.829969
-40.072727,99,479.248458
-35.25579,99,479.669459
-28.47895,99,480.093219
-38.09363,99,480.518599
-45.332542,99,481.118554
-43.13847,99,481.660554
-40.240055,99,483.404996
-36.174538,99,484.994748
-39.234737,99,485.556748
-28.87094,94,486.00379
-30.528557,99,486.41379
-22.545021,99,486.830379
-28.970816,99,487.250474
-29.67719,99,487.67144
-35.20416,99,488.351934
-35.812515,99,488.909937
-40.555565,99,489.636936
-35.846928,99,490.181937
-41.44861,99,490.729936
-22.778984,94,491.170937
-26.297714,99,491.587799
-40.12962,99,492.005241
-23.508144,99,492.425159
-28.5958,99,492.840121
-36.705757,99,493.440534
-37.310165,99,494.098534
-33.322773,99,494.648533
-38.973633,99,495.200535
-35.77612,99,495.755537
-24.901716,94,496.311537
-23.891933,99,496.720167
-24.881916,99,497.136859
-28.681667,99,497.557673
-24.573177,99,497.977005
-38.73596,99,498.672675
-42.883205,99,499.217675
-38.813618,99,499.773673
-37.795883,99,500.318675
-33.09895,99,500.908674
-22.88847,94,501.355027
-24.072248,99,501.773345
-23.93672,99,502.192151
-24.063572,99,502.614678
-23.273829,99,503.03495
-36.836617,99,503.725454
-47.440613,99,504.277458
-34.74666,99,504.833457
-37.86818,99,505.424458
-32.701096,99,505.970456
-22.54621,94,506.409459
-23.126766,99,506.82631
-23.67057,99,507.245612
-23.670572,99,507.666439
-23.405214,99,508.1314
-32.256565,99,508.821402
-39.803623,99,509.367401
-39.865475,99,509.953403
-34.58917,99,510.503401
-31.546793,99,511.056401
-22.821295,94,511.5124
-24.051714,99,511.931403
-23.92823,99,512.350638
-24.072248,99,512.774134
-23.92948,99,513.192153
-37.24628,99,513.821283
-36.80806,99,514.492279
-32.950233,99,515.052282
-28.402475,99,515.610281
-37.942345,99,516.169278
-22.807201,94,516.664323
-34.418076,99,517.079747
-32.846947,99,517.501749
-23.793625,99,517.922114
-34.088654,99,518.343739
-35.31954,99,519.049494
-39.87679,99,519.612492
-31.592743,99,520.165493
-30.870089,99,520.712494
-42.62057,99,521.368491
-22.937273,94,521.810494
-23.928558,99,522.225063
-23.9347,99,522.644548
-23.801014,99,523.064104
-23.79395,99,523.481109
-37.97072,99,524.143691
-33.07654,99,524.697687
-39.344303,99,525.248692
-32.665997,99,525.852691
-34.18835,99,526.410691
-22.552078,94,526.860104
-23.588453,99,527.278493
-28.601345,99,527.696228
-23.36226,99,528.118029
-24.027721,99,528.539602
-32.694527,99,529.224105
-43.57915,99,529.790105
-37.861122,99,530.372101
-34.85537,99,530.934103
-37.967888,99,531.481105
-22.755615,94,531.921106
-23.87806,99,532.333906
-27.056551,99,532.754897
-27.359497,99,533.176855
-23.806332,99,533.593856
-35.067802,99,534.183853
-38.087345,99,534.832854
-32.474174,99,535.379851
-34.374905,99,535.933852
-38.962593,99,536.491853
-22.791971,94,537.789548
-27.047533,99,538.211245
-24.072248,99,538.631548
-24.071001,99,539.052994
-24.273207,99,539.487998
-40.42206,99,540.062994
-36.050224,99,540.615994
-32.30928,99,541.162992
-32.894753,99,541.717995
-35.761295,99,542.319994
-22.675163,94,542.758997
-26.043484,99,543.169194
-25.91978,99,543.591573
-25.42523,99,544.010729
-28.114254,99,544.432815
-33.223244,99,545.101586
-35.104927,99,545.733584
-30.373945,99,546.313585
-34.485157,99,546.911584
-28.707825,99,547.469583
-41.327564,94,547.933583
-24.562704,99,548.345572
-23.44527,99,548.766619
-26.237396,99,549.178026
-24.531075,99,549.595593
-37.830025,99,550.27592
-33.432095,99,550.83692
-37.996746,99,551.509922
-34.977028,99,552.05992
-30.040312,99,552.615918
-23.314878,94,553.051922
-24.543385,99,553.466869
-22.440794,99,553.883
-24.549393,99,554.302136
-24.433752,99,554.720818
-34.331093,99,555.417637
-35.20585,99,555.998638
-34.155907,99,556.543638
-32.284847,99,557.087638
-35.898033,99,557.649637
-23.216002,94,558.136637
-24.52039,99,558.548492
-24.5327,99,558.968693
-24.53148,99,559.38985
-24.493748,99,559.811852
-32.395782,99,560.499832
-34.018658,99,561.073835
-36.88198,99,561.631835
-36.129604,99,562.194835
-40.124596,99,562.794836
-22.709648,94,563.234836
-24.543793,99,563.649378
-24.481833,99,564.067891
-24.555695,99,564.480889
-36.460865,99,564.900436
-32.920856,99,565.531684
-35.01076,99,566.078681
-33.219055,99,566.626686
-29.810612,99,567.231683
-28.515152,99,567.795685
-23.134075,94,568.239686
-24.362581,99,568.648686
-24.515703,99,569.062659
-24.310879,99,569.484622
-24.528013,99,569.903541
-31.171041,99,570.571365
-33.869522,99,571.128365
-31.58244,99,571.794365
-33.752674,99,572.346364
-32.711887,99,572.896367
-23.639843,94,573.33737
-24.119455,99,573.753273
-24.541214,99,574.170693
-24.543385,99,574.589341
-23.995111,99,575.008344
-33.324642,99,575.693323
-29.39213,99,576.377324
-33.564987,99,576.932323
-34.49925,99,577.476324
-26.559694,99,578.030323
-23.693312,94,578.578207
-24.926662,99,578.994173
-24.92898,99,579.418063
-24.94129,99,579.839688
-24.523426,99,580.262235
-29.600378,99,580.943665
-33.86764,99,581.493665
-43.39501,99,582.056664
-44.63722,99,582.604661
-33.111336,99,583.180663
-26.933653,94,583.623662
-24.531075,99,584.041694
-27.444756,99,584.464346
-24.555695,99,584.883319
-24.543385,99,585.300073
-34.680046,99,585.998344
-30.92253,99,586.558343
-33.706272,99,587.100342
-30.95404,99,587.771342
-29.988754,99,588.33134
-22.843258,94,588.774332
-23.71268,99,589.193293
-23.741365,99,589.612779
-23.714586,99,590.03256
-23.463026,99,590.451268
-31.81444,99,591.12433
-33.110485,99,591.68533
-30.331408,99,592.342332
-31.700624,99,592.881332
-32.821476,99,593.44933
-24.90831,94,593.897539
-24.670462,99,594.318971
-23.244165,99,594.737707
-26.57227,99,595.155775
-22.901041,99,595.578259
-24.880919,99,596.260159
-31.347307,99,596.899156
-28.103954,99,597.452154
-30.421299,99,598.013156
-36.656696,99,598.558158
-21.056133,94,599.023157
-23.06361,99,599.441159
-25.20451,99,599.859526
-23.223425,99,600.277128
-22.917786,99,600.695628
-28.75384,99,601.364224
-37.735683,99,601.923223
-32.499664,99,602.492224
-35.73825,99,603.04522
-35.683445,99,603.662222
-26.430696,94,604.105899
-28.099297,99,604.521482
-30.320402,99,604.940562
-25.055939,99,605.363982
-38.945515,99,605.784115
-27.663021,99,606.464227
-31.861794,99,607.025228
-34.12371,99,607.601227
-32.148632,99,608.187225
-33.610077,99,608.761225
-23.94289,94,609.203227
-25.332705,99,609.608272
-24.909916,99,610.016474
-23.280224,99,610.434348
-24.374113,99,610.847921
-35.155193,99,611.533931
-37.425285,99,612.097932
-29.133928,99,612.667932
-32.36266,99,613.217928
-29.180716,99,613.78493
-24.22114,94,614.225982
-22.99686,99,614.647343
-24.340036,99,615.065339
-17.752865,99,615.478471
-20.221457,99,615.886434
-34.68056,99,616.581237
-33.913937,99,617.314236
-31.518732,99,617.888239
-32.41304,99,618.433238
-27.83508,99,618.998238
-26.285439,94,619.557239
-25.484333,99,619.970543
-28.185207,99,620.379507
-23.344633,99,620.799217
-25.938404,99,621.217406
-28.411526,99,621.886551
-30.147171,99,622.463551
-29.957033,99,623.01555
-36.53666,99,623.578552
-33.59449,99,624.164551
-31.871595,94,624.610551
-20.67673,99,625.028099
-29.853937,99,625.447832
-20.22318,99,625.870013
-25.915567,99,626.291383
-29.900515,99,626.977953
-32.204376,99,627.538952
-30.849352,99,628.090952
-37.414005,99,628.71895
-37.334473,99,629.28095
-24.164803,94,629.72499
-30.230177,99,630.141307
-29.480648,99,630.561871
-29.29415,99,630.982838
-31.792103,99,631.398138
-30.011261,99,632.101859
-34.439327,99,632.668861
-35.58258,99,633.265858
-33.45391,99,633.818861
-35.175854,99,634.366859
-23.57621,94,634.812864
-26.772125,99,635.233659
-24.302874,99,635.656033
-34.54642,99,636.07857
-25.348286,99,636.501362
-39.323036,99,637.187541
-31.583076,99,637.754546
-27.553022,99,638.308545
-35.098038,99,638.846544
-38.128395,99,639.408545
-30.116308,94,639.891942
-29.510727,99,640.316005
-23.730576,99,640.736979
-32.601276,99,641.157338
-33.64065,99,641.57769
-39.151436,99,642.170605
-31.701061,99,642.737604
-28.200388,99,643.304604
-30.000872,99,643.863602
-23.374376,99,644.545605
-20.813845,94,644.988603
-22.396532,99,645.394607
-22.821936,99,645.815737
-22.53114,99,646.237971
-22.083763,99,646.657429
-28.26268,99,647.324092
-21.219698,99,647.882097
-32.474815,99,648.439093
-25.044748,99,649.095094
-32.132404,99,649.646096
-20.899559,94,650.092134
-21.95513,99,650.515361
-21.703533,99,650.935962
-21.83814,99,651.355437
-22.094582,99,651.77741
-24.993183,99,652.489946
-29.05029,99,653.045946
-28.403292,99,653.771947
-28.510271,99,654.335946
-29.052288,99,654.886947
-20.95364,94,655.331177
-23.760551,99,655.754229
-23.151491,99,656.175643
-22.069162,99,656.591281
-22.173027,99,657.000242
-28.879858,99,657.677536
-31.506252,99,658.238532
-25.860744,99,658.785533
-30.088648,99,659.347532
-24.89391,99,659.915532
-20.92091,94,660.479535
-21.838139,99,660.893535
-21.95513,99,661.310209
-21.838139,99,661.723989
-21.806828,99,662.146207
-28.374523,99,662.782744
-28.095081,99,663.355743
-25.977121,99,663.924746
-24.69258,99,664.481746
-25.459986,99,665.068745
-21.407215,94,665.51375
-23.650316,99,665.935605
-21.419794,99,666.358819
-21.78922,99,666.776198
-22.93495,99,667.194547
-26.23511,99,667.901796
-25.502953,99,668.462793
-25.80566,99,669.019794
-33.630913,99,669.694796
-24.620628,99,670.251798
-20.79223,94,670.686796
-22.660952,99,671.10121
-21.813875,99,671.519868
-21.91312,99,671.93539
-21.769505,99,672.353689
-27.200226,99,673.044382
-23.137178,99,673.610387
-25.518503,99,674.282386
-26.456085,99,674.835384
-23.747978,99,675.398382
-20.880707,94,675.838387
-21.99623,99,676.258022
-21.727015,99,676.68044
-21.853645,99,677.101439
-22.195225,99,677.523442
-25.273664,99,678.11044
-27.135044,99,678.71744
-23.809069,99,679.27744
-32.258305,99,679.83844
-22.688435,99,680.399439
-27.284496,94,681.001439
-28.468988,99,681.416449
-30.196407,99,681.832266
-28.874931,99,682.252603
-28.975943,99,682.670517
-30.486418,99,683.353403
-28.553665,99,683.926405
-25.746199,99,684.494406
-24.607725,99,685.046403
-26.927412,99,685.643405
-22.228027,94,686.085407
-23.250618,99,686.502591
-23.494576,99,686.928643
-23.501091,99,687.348014
-23.482227,99,687.775393
-30.733313,99,688.360401
-26.421696,99,688.910402
-22.068937,99,689.4634
-28.487547,99,690.042401
-24.962423,99,690.601403
-22.909534,94,691.043405
-23.951626,99,691.464443
-24.218197,99,691.945405
-24.200512,99,692.393405
-24.124083,99,692.853407
-27.06633,99,693.491406
-22.478512,99,694.065404
-25.598654,99,694.665406
-25.677446,99,695.217406
-23.024607,99,695.774406
-22.85054,94,696.224443
-24.126703,99,696.650076
-24.092543,99,697.073667
-24.123833,99,697.499172
-24.10831,99,697.937736
-29.493715,99,698.512729
-22.315142,99,699.116732
-25.622631,99,699.676731
-27.86361,99,700.220732
-26.763102,99,700.793728
-22.477295,94,701.349349
-23.35349,99,701.776263
-23.396494,99,702.199135
-23.384062,99,702.622522
-23.54788,99,703.037458
-31.668732,99,703.643781
-27.685938,99,704.213782
-29.870565,99,704.76678
-25.979855,99,705.32378
-28.344297,99,705.988781
-21.367605,94,706.425096
-21.90012,99,706.848142
-23.451254,99,707.272615
-23.173561,99,707.69743
-22.689657,99,708.121217
-27.705938,99,708.8222
-25.024426,99,709.388201
-24.553978,99,709.944197
-23.154795,99,710.5472
-23.85716,99,711.095198
-22.922432,94,711.536198
-24.039293,99,711.954943
-24.188574,99,712.372831
-24.136028,99,712.797595
-24.101868,99,713.220089
-23.986095,99,713.914223
-29.463203,99,714.477226
-28.481958,99,715.141226
-29.714113,99,715.706224
-22.14582,99,716.269226
-23.000774,94,716.717226
-24.193361,99,717.135715
-24.098034,99,717.556437
-24.226309,99,717.983812
-24.133408,99,718.407965
-27.0068,99,719.109228
-25.319973,99,719.69123
-23.884554,99,720.265229
-26.806858,99,720.82123
-25.328873,99,721.380226
-22.945608,94,721.908229
-24.19432,99,722.334395
-24.03929,99,722.755398
-24.170887,99,723.171738
-24.157288,99,723.593312
-27.630947,99,724.207272
-23.530636,99,724.782275
-24.699583,99,725.358273
-23.674467,99,725.918272
-27.594114,99,726.538273
-20.494442,94,726.984273
-21.684364,99,727.399429
-21.818974,99,727.823835
-21.66592,99,728.250122
-21.818974,99,728.672457
-23.998848,99,729.348238
-24.035229,99,729.927234
-34.28417,99,730.493237
-22.976461,99,731.079237
-28.11667,99,731.643238
-20.703451,94,732.089242
-21.818974,99,732.513212
-32.96034,99,732.937341
-21.818974,99,733.361097
-14.166939,99,733.782905
-28.132996,99,734.481413
-23.478195,99,735.042408
-24.143085,99,735.70541
-26.071508,99,736.276408
-19.776731,99,736.84741
-20.748632,94,737.292411
-21.997807,99,737.713835
-21.879072,99,738.137245
-21.784653,99,738.557346
-21.275835,99,738.978734
-24.306826,99,739.690794
-20.898628,99,740.358794
-32.24187,99,740.941792
-22.338955,99,741.503792
-19.264885,99,742.096792
-11.807174,94,742.629839
-14.645077,99,743.054188
-10.82545,99,743.476185
-16.22844,99,743.895832
-11.291377,99,744.321935
-24.395182,99,744.969408
-25.787773,99,745.541404
-26.346672,99,746.100409
-26.333364,99,746.667404
-26.609276,99,748.656422
-22.890188,94,749.104419
-24.025183,99,749.525508
-24.101866,99,749.946502
-24.065792,99,750.364819
-24.16278,99,750.788379
-26.70185,99,752.942031
-27.054153,99,753.514031
-24.865253,99,754.079031
-26.21483,99,754.69703
-26.594097,99,755.24703
-23.071964,94,755.693075
-24.162525,99,756.117098
-24.059338,99,756.541364
-24.252106,99,756.96726
-24.176634,99,757.390418
-25.635435,99,758.076353
-28.212624,99,758.64735
-25.063105,99,759.226352
-25.54625,99,759.794351
-23.971842,99,760.351352
-22.952059,94,760.798352
-24.219862,99,761.221232
-24.226309,99,761.64187
-24.078688,99,762.066834
-24.158947,99,762.492292
-28.238916,99,763.099808
-27.788574,99,763.684809
-25.78904,99,764.255808
-24.83378,99,764.811807
-24.333866,99,765.384809
-22.78056,94,765.92281
-23.973845,99,766.338809
-24.083733,99,766.752871
-24.067001,99,767.176401
-24.174973,99,767.597347
-24.649736,99,768.283371
-27.078897,99,768.85437
-27.158133,99,769.409371
-25.930832,99,769.960372
-25.416245,99,770.575372
-22.967575,94,771.07637
-23.988663,99,771.499687
-24.248781,99,771.925976
-24.085394,99,772.346768
-24.089928,99,772.770655
-26.51002,99,773.471292
-28.143585,99,774.037291
-27.692816,99,774.603291
-27.286297,99,775.279289
-27.197678,99,775.849288
-22.927921,94,776.292292
-24.017075,99,776.711315
-24.043823,99,777.134334
-24.153458,99,777.54961
-24.058382,99,777.970377
-25.614473,99,778.847352
-23.94209,99,779.535343
-30.908724,99,780.11834
-26.313854,99,780.67734
-23.82412,99,781.23634
-22.890188,94,781.679338
-24.197638,99,782.101446
-24.038334,99,782.541986
-24.11572,99,782.961028
-24.06675,99,783.38239
-27.403465,99,783.988389
-24.220718,99,784.590391
-24.600233,99,785.155391
-24.597605,99,785.72839
-27.389442,99,786.298391
-22.81446,94,786.790011
-24.16182,99,787.218575
-24.042871,99,787.641693
-24.221775,99,788.067491
-24.182123,99,788.490044
-26.230501,99,789.096918
-26.521147,99,789.665923
-25.226135,99,790.238919
-26.504963,99,790.806922
-28.68355,99,791.473922
-22.847668,94,791.919921
-24.219864,99,792.346175
-24.126448,99,792.767488
-24.02518,99,793.192462
-24.142473,99,793.61737
-24.41702,99,794.321003
-25.64111,99,794.890004
-24.57819,99,795.466003
-25.470009,99,796.090001
-25.37188,99,796.659004
-22.981432,94,797.103003
-24.249489,99,797.516522
-24.017073,99,797.939705
-24.165398,99,798.364091
-24.139858,99,798.784056
-26.771868,99,799.483398
-23.235598,99,800.050401
-24.671152,99,800.712401
-24.47948,99,801.282402
-24.21982,99,801.8554
-22.867012,94,802.2974
-24.095417,99,802.715399
-24.166353,99,803.130603
-24.060299,99,803.551846
-24.05481,99,803.968581
-26.120901,99,804.661864
-27.617878,99,805.336863
-26.304197,99,805.902864
-25.288288,99,806.472864
-25.14145,99,807.024861
-22.81542,94,807.488902
-24.147966,99,807.905865
-24.080856,99,808.323863
-24.086348,99,808.739266
-24.175676,99,809.156558
-25.199286,99,809.863578
-26.437567,99,810.430574
-24.49687,99,810.995576
-26.631094,99,811.554577
-26.086386,99,812.285578
-23.010096,94,812.742578
-24.039993,99,813.148576
-24.030926,99,813.557251
-24.23467,99,813.975145
-24.195023,99,814.389833
-24.857353,99,815.090988
-26.075346,99,815.654987
-27.530476,99,816.226988
-26.561363,99,816.835987
-24.107206,99,817.406987
-22.823786,94,817.846148
-24.066748,99,818.265093
-24.135769,99,818.684695
-24.195978,99,819.109358
-24.147007,99,819.530553
-25.754648,99,820.224783
-26.113268,99,820.801784
-26.256596,99,821.378783
-26.419655,99,821.933782
-24.85506,99,822.511784
-22.9979,94,822.959784
-24.216284,99,823.381821
-24.316847,99,823.804342
-24.11668,99,824.222288
-24.09733,99,824.633703
-23.692822,99,825.321331
-27.16434,99,825.916329
-25.904385,99,826.479332
-26.128893,99,827.047333
-24.337914,99,827.614333
-22.999113,94,828.238333
-24.133152,99,828.720334
-24.004175,99,829.147332
-24.036167,99,829.569036
-24.160864,99,829.989572
-26.498789,99,830.689616
-24.11329,99,831.249616
-25.000078,99,831.823617
-27.328705,99,832.384614
-27.59023,99,833.070616
-22.823082,94,833.516615
-24.032587,99,833.936714
-24.11668,99,834.356586
-24.134111,99,834.781582
-24.052893,99,835.201344
-25.568283,99,835.893934
-24.236935,99,836.444936
-25.011747,99,837.008933
-25.89273,99,837.588935
-26.72231,99,838.157934
-22.702919,94,838.601935
-24.115723,99,839.014819
-24.052189,99,839.433696
-24.023525,99,839.855639
-24.160864,99,840.278263
-24.036621,99,840.872862
-25.98421,99,841.442861
-24.657228,99,842.04186
-26.201372,99,842.623859
-24.178246,99,843.199858
-22.87346,94,843.643861
-24.086094,99,844.066284
-24.128618,99,844.48696
-24.166355,99,844.912407
-24.054106,99,845.321326
-26.69789,99,845.986129
-25.391804,99,847.346856
-25.492111,99,847.925852
-25.541553,99,848.485852
-25.425587,99,850.092015
-22.826658,94,851.148368
-24.14177,99,851.564322
-24.193106,99,851.987328
-24.21079,99,852.402069
-24.004433,99,853.058862
-27.287802,99,854.12011
-27.839445,99,854.68011
-27.842236,99,855.245106
-23.613628,99,855.804111
-25.610937,99,856.498109
-22.799906,94,856.937325
-24.161821,99,857.358284
-24.052893,99,857.779847
-24.077988,99,858.201921
-24.039291,99,858.625826
-25.628141,99,859.225335
-27.249512,99,859.793334
-25.745125,99,860.349333
-26.295225,99,861.020334
-25.532679,99,861.588336
-25.806948,94,862.034202
-28.458897,99,862.446218
-27.815937,99,862.862365
-26.995224,99,863.28759
-27.511072,99,863.706133
-28.511072,99,864.3161
-26.116417,99,864.876101
-27.113338,99,865.465102
-25.61118,99,866.019101
-23.488016,99,866.579101
-22.939161,94,867.027102
-24.20505,99,867.4391
-24.249487,99,867.857339
-24.099245,99,868.280588
-23.970015,99,868.70152
-24.928646,99,869.302714
-24.4529,99,869.972714
-27.10821,99,870.544719
-25.622118,99,871.103714
-25.253506,99,871.678719
-23.027485,94,872.157209
-27.152075,99,872.577236
-24.970167,99,873.001232
-25.262396,99,873.412148
-24.626759,99,873.83128
-25.193045,99,874.444037
-24.61837,99,875.003033
-26.536125,99,875.569035
-26.046013,99,876.128037
-24.824106,99,876.806033
-22.973064,94,877.252041
-24.222736,99,877.667348
-24.166355,99,878.090174
-24.157286,99,878.512107
-24.195978,99,878.931089
-24.364038,99,879.556051
-26.079733,99,880.13205
-23.789753,99,880.71205
-25.30508,99,881.443048
-23.63139,99,882.004049
-22.85986,94,882.450253
-24.071278,99,882.867666
-24.093502,99,883.286688
-24.054106,99,883.70917
-24.084435,99,884.128705
-23.98684,99,884.761518
-26.252817,99,885.319518
-26.311085,99,885.900517
-25.17258,99,886.462516
-23.50053,99,887.024517
-22.856285,94,887.470516
-24.111893,99,887.893025
-24.090887,99,888.311181
-24.159906,99,888.737108
-24.115017,99,889.159634
-25.082325,99,891.266269
-25.125961,99,892.815016
-23.448359,99,893.386015
-26.61396,99,893.948014
-24.350655,99,894.513017
-22.982386,94,895.985534
-24.049318,99,896.401559
-24.067703,99,896.826724
-24.080862,99,897.250227
-24.160864,99,897.671465
-26.0679,99,898.353019
-24.076147,99,898.919019
-25.453684,99,899.486021
-25.177307,99,900.049024
-25.515661,99,901.59093
-22.997204,94,902.037163
-23.940647,99,902.454242
-24.073195,99,902.87487
-24.134108,99,903.313317
-24.11859,99,903.737399
-24.213703,99,904.35183
-25.175083,99,904.908832
-26.165876,99,905.465833
-24.754906,99,906.141832
-26.16813,99,906.709835
-22.835983,94,907.15988
-24.13698,99,907.584413
-24.119553,99,908.012371
-24.14918,99,908.44136
-24.08635,99,908.86977
-23.916391,99,909.575665
-23.70726,99,910.144664
-24.833754,99,910.819668
-24.697916,99,911.387664
-26.383173,99,911.957662
-22.777945,94,912.403665
-24.082516,99,912.824665
-24.163736,99,913.243995
-24.147005,99,913.666269
-24.07773,99,914.087879
-23.735533,99,914.698482
-23.937834,99,915.302483
-24.617302,99,915.85548
-24.437695,99,916.416481
-24.10749,99,916.981482
-22.882784,94,917.529481
-24.124786,99,917.94652
-24.204088,99,918.367011
-24.067003,99,918.793741
-24.310396,99,919.212071
-25.030483,99,919.812409
-24.69614,99,920.383406
-25.04086,99,920.950407
-25.169252,99,921.521405
-25.186811,99,922.127409
-22.928177,94,922.580207
-24.134108,99,923.00414
-24.008007,99,923.426158
-24.234673,99,923.845218
-24.115723,99,924.266932
-23.91836,99,924.866833
-23.427519,99,925.430832
-24.712868,99,925.99483
-23.92774,99,926.664829
-24.91619,99,927.238832
-23.011055,94,927.681833
-24.067705,99,928.098436
-24.150583,99,928.517652
-24.097078,99,928.937083
-24.212452,99,929.358321
-27.351189,99,929.965518
-23.967339,99,930.538519
-23.720718,99,931.142519
-24.286367,99,931.704519
-24.277052,99,932.26952
-22.821869,94,932.721558
-24.258553,99,933.143153
-24.194061,99,933.571151
-24.157991,99,933.988019
-24.092543,99,934.413634
-24.52285,99,935.035633
-24.04374,99,935.622634
-25.264854,99,936.185635
-24.499521,99,936.767636
-23.81531,99,937.331635
-22.97211,94,937.813635
-24.08801,99,938.222634
-23.976465,99,938.641546
-24.09829,99,939.066988
-24.18953,99,939.486984
-24.746727,99,940.194261
-24.34483,99,940.767261
-23.450277,99,941.330261
-24.03244,99,941.896262
-23.783855,99,942.561263
-22.985003,94,943.004302
-24.087053,99,943.420465
-23.942307,99,943.839689
-24.039295,99,944.254314
-24.05455,99,944.675821
-23.954388,99,945.360125
-23.792322,99,945.940123
-23.659693,99,946.510123
-26.59947,99,947.183125
-23.489855,99,947.746123
-22.974022,94,948.187124
-24.153713,99,948.605124
-24.147007,99,949.025142
-24.111889,99,949.447256
-24.142477,99,949.865129
-24.460169,99,950.493876
-24.59489,99,951.064878
-25.033657,99,951.687877
-23.721674,99,952.25988
-24.392925,99,952.822877
-22.890184,94,953.266878
-24.098034,99,953.685785
-24.147964,99,954.107001
-24.135069,99,954.526208
-24.115463,99,954.949152
-24.82929,99,955.567549
-24.814407,99,956.242547
-23.880714,99,956.821544
-24.969498,99,957.381547
-25.365957,99,957.962548
-22.825703,94,958.522
-24.139603,99,958.945329
-24.072498,99,959.369679
-24.103779,99,959.789114
-24.055063,99,960.212911
-23.144604,99,960.815308
-24.592558,99,961.379311
-26.310875,99,961.94731
-27.638062,99,962.499306
-25.139097,99,963.21831
-23.264568,94,963.67627
-24.284245,99,964.097178
-24.514938,99,964.508178
-24.51028,99,964.925085
-24.507902,99,965.346071
-25.798664,99,965.949197
-25.660685,99,966.529196
-25.763218,99,967.091194
-25.2059,99,967.670197
-25.662687,99,968.236197
-23.266655,94,968.679199
-24.496964,99,969.100644
-24.500381,99,969.519003
-24.50009,99,969.940603
-24.51028,99,970.36464
-23.735289,99,970.96618
-25.336643,99,971.527183
-24.410395,99,972.12118
-25.129879,99,972.673181
-23.10933,99,973.250182
-23.227688,94,973.691196
-24.51028,99,974.110393
-24.459328,99,974.529057
-24.509989,99,974.946144
-24.514938,99,975.369711
-24.901138,99,976.051616
-25.00223,99,976.668616
-23.955284,99,977.24062
-25.35654,99,977.809617
-23.179377,99,978.389618
-21.324144,94,978.939622
-22.459465,99,979.359753
-22.46095,99,979.780138
-22.384205,99,980.205758
-22.51239,99,980.624911
-24.528215,99,981.321681
-24.71003,99,981.893679
-24.136482,99,982.470684
-24.326242,99,983.03268
-24.259937,99,983.714684
-23.271605,94,984.155681
-24.514938,99,984.565687
-24.507902,99,984.985304
-24.450819,99,985.4092
-24.498003,99,985.829132
-23.828003,99,986.559685
-24.584204,99,987.129684
-23.663359,99,987.707686
-23.603514,99,988.425686
-22.856056,99,988.998683
-22.760452,94,989.439048
-23.85425,99,989.856948
-23.89394,99,990.269844
-23.99953,99,990.694442
-23.909687,99,991.115143
-25.074005,99,991.712659
-23.243235,99,992.27866
-22.3812,99,992.885659
-24.795523,99,993.468657
-24.186295,99,994.045658
-23.074272,94,994.497659
-24.471315,99,994.915485
-24.46337,99,995.33871
-24.36838,99,995.753921
-24.449486,99,996.17632
-24.946714,99,996.799168
-25.153913,99,997.409168
-22.738455,99,997.983169
-25.954756,99,998.536169
-24.832703,99,999.121167
-18.868431,94,999.67028
-19.741007,99,1000.111333
-19.937954,99,1000.52476
-19.911995,99,1000.947336
-19.876623,99,1001.365243
-24.765026,99,1001.959598
-23.475588,99,1002.530596
-21.632427,99,1003.093594
-26.261423,99,1003.643598
-23.29331,99,1004.304596
-21.163158,94,1004.749597
-22.241287,99,1005.165789
-22.33088,99,1005.589687
-22.425367,99,1006.007957
-22.460564,99,1006.425996
-24.174385,99,1007.014261
-21.88251,99,1007.594259
-24.414377,99,1008.152261
-19.53543,99,1008.890973
-23.981398,99,1009.465974
-23.15537,94,1009.908973
-24.501911,99,1010.327389
-24.509563,99,1010.742495
-24.514938,99,1011.157498
-24.50504,99,1011.580582
-24.7948,99,1012.193922
-24.611116,99,1012.764922
-24.599213,99,1013.377922
-25.907543,99,1013.939921
-24.380018,99,1014.495919
-23.227688,94,1014.944921
-24.423143,99,1015.360605
-24.476395,99,1015.786481
-24.46679,99,1016.20568
-24.46936,99,1016.62839
-22.67892,99,1017.226389
-21.96097,99,1017.92239
-24.050241,99,1018.595388
-24.84865,99,1019.198389
-22.652126,99,1019.796389
-20.6026,94,1020.346388
-21.803963,99,1020.764427
-21.716349,99,1021.183658
-21.787893,99,1021.606826
-21.756851,99,1022.028954
-23.709341,99,1022.639951
-23.115784,99,1023.213947
-23.06217,99,1023.807949
-23.177078,99,1024.37495
-25.616854,99,1024.974949
-18.09858,94,1025.420117
-19.310415,99,1025.838023
-19.350224,99,1026.256045
-19.248793,99,1026.674504
-19.17446,99,1027.095873
-25.254917,99,1027.72878
-22.045433,99,1028.289777
-24.433311,99,1028.854782
-23.857595,99,1029.423779
-19.919024,99,1029.98678
-20.851488,94,1030.436782
-21.962353,99,1030.853651
-21.832403,99,1031.274402
-22.089209,99,1031.696403
-21.832403,99,1032.122409
-18.92332,99,1032.82254
-24.607145,99,1033.39454
-22.407047,99,1033.971536
-23.740103,99,1034.547541
-24.154375,99,1035.11654
-20.815964,94,1035.566576
-22.019802,99,1035.990018
-22.073772,99,1036.411745
-21.940811,99,1036.834892
-21.953594,99,1037.256276
-24.07558,99,1037.957669
-24.925138,99,1038.633666
-24.788769,99,1039.207669
-22.477129,99,1039.775668
-22.972746,99,1040.34067
-23.27205,94,1040.896669
-24.53148,99,1041.308475
-24.530981,99,1041.725474
-24.52635,99,1042.152075
-24.518764,99,1042.573835
-25.248882,99,1043.188034
-24.056578,99,1043.757032
-24.525375,99,1044.321034
-23.70092,99,1044.895032
-24.388536,99,1045.510029
-21.716267,94,1045.961033
-22.782326,99,1046.38149
-22.916325,99,1046.853776
-23.023415,99,1047.318772
-23.050323,99,1047.737304
-23.236609,99,1048.385643
-19.736431,99,1048.949645
-25.874413,99,1049.508644
-22.367174,99,1050.120644
-23.624668,99,1050.689644
-20.615654,94,1051.136647
-22.644001,99,1051.551646
-21.628384,99,1051.972315
-21.665977,99,1052.393571
-23.07692,99,1052.816514
-24.796074,99,1053.951568
-24.405424,99,1054.51457
-24.081491,99,1055.144571
-24.621407,99,1055.706572
-25.354643,99,1056.26957
-23.17803,94,1056.718401
-24.543385,99,1057.135391
-24.419659,99,1057.558293
-24.538254,99,1057.978676
-24.549393,99,1058.400541
-24.483017,99,1059.100747
-24.09601,99,1059.682745
-22.905033,99,1060.248745
-23.991919,99,1060.797746
-24.005486,99,1061.369746
-23.31086,94,1061.914717
-24.549244,99,1062.335461
-24.559143,99,1062.753229
-24.5543,99,1063.171595
-24.542662,99,1063.594144
-22.637196,99,1064.296185
-21.818714,99,1064.875184
-23.848886,99,1065.436186
-24.81105,99,1066.004183
-25.92889,99,1066.678187
-20.981438,94,1067.117971
-22.101618,99,1067.527921
-21.832403,99,1067.948548
-22.088593,99,1068.367623
-22.094582,99,1068.787017
-22.775837,99,1069.392019
-22.269049,99,1069.960014
-21.597685,99,1070.524015
-22.280418,99,1071.226017
-26.527966,99,1071.815014
-20.851488,94,1072.260019
-21.878725,99,1072.683167
-21.961637,99,1073.10302
-21.953985,99,1073.523173
-21.941435,99,1073.942774
-25.468006,99,1074.656763
-22.292065,99,1075.211765
-23.416235,99,1075.906763
-21.649725,99,1076.469767
-22.898588,99,1077.036767
-21.295258,94,1077.48585
-22.458061,99,1077.90431
-22.536758,99,1078.324739
-22.558332,99,1078.748004
-22.438438,99,1079.169959
-24.359205,99,1079.769959
-23.988386,99,1080.45396
-22.62208,99,1081.02796
-23.225754,99,1081.598956
-23.290615,99,1082.18496
-20.981438,94,1082.791964
-22.088593,99,1083.212332
-22.074709,99,1083.655369
-22.09696,99,1084.077334
-22.101618,99,1084.500443
-22.834423,99,1085.07944
-23.243782,99,1085.65544
-22.9902,99,1086.22744
-20.061193,99,1086.78844
-21.932013,99,1087.447438
-20.851488,94,1087.893605
-22.088593,99,1088.31241
-22.03021,99,1088.855922
-21.94861,99,1089.278988
-22.023174,99,1089.698986
-22.479706,99,1090.312933
-22.967854,99,1090.890935
-23.218319,99,1091.458935
-23.778475,99,1092.070935
-23.152948,99,1092.641933
-21.613337,94,1093.085983
-22.101618,99,1093.494473
-22.101618,99,1093.911605
-22.101618,99,1094.332611
-22.101618,99,1094.757417
-22.931236,99,1095.454533
-25.054861,99,1096.014532
-23.730518,99,1096.627532
-22.799679,99,1097.193533
-22.836637,99,1097.760533
-21.965664,94,1098.202533
-22.99645,99,1098.619009
-23.104033,99,1099.042048
-22.990635,99,1099.463085
-23.13045,99,1099.883892
-23.365757,99,1100.484691
-24.015303,99,1101.090692
-25.630783,99,1101.711691
-24.030247,99,1102.273692
-24.789402,99,1102.845693
-20.981438,94,1103.398698
-22.093077,99,1103.814781
-23.251713,99,1104.234112
-22.101618,99,1104.654133
-22.906305,99,1105.07658
-22.96755,99,1105.768297
-24.891344,99,1106.331295
-23.821054,99,1106.894293
-22.249928,99,1107.4633
-21.536034,99,1108.135296
-22.471487,94,1108.598297
-23.424728,99,1109.055297
-23.690262,99,1109.539295
-23.128115,99,1109.950413
-23.552485,99,1110.375415
-23.511116,99,1110.960411
-23.6442,99,1111.536413
-22.62815,99,1112.102411
-22.453781,99,1112.680414
-24.56421,99,1113.248413
-20.71688,94,1113.700411
-21.962353,99,1114.135376
-22.101618,99,1114.560051
-22.096245,99,1114.98179
-21.953983,99,1115.401784
-23.50376,99,1116.018237
-24.75025,99,1116.596237
-23.992344,99,1117.203237
-23.206804,99,1117.759235
-22.270332,99,1118.326237
-20.959187,94,1118.77124
-22.094582,99,1119.177129
-22.076042,99,1119.590918
-21.961637,99,1120.036139
-22.013332,99,1120.459291
-22.884943,99,1121.162092
-22.755432,99,1121.817091
-25.81267,99,1122.37609
-24.849766,99,1122.94209
-22.025986,99,1123.520093
-21.875841,94,1124.072129
-22.75335,99,1124.487298
-23.050323,99,1124.905338
-23.049103,99,1125.31875
-23.051481,99,1125.735431
-23.90217,99,1126.330824
-24.692257,99,1126.901825
-25.262487,99,1127.465825
-22.811562,99,1128.043826
-24.257484,99,1128.711825
-20.411951,94,1129.154825
-21.553726,99,1129.573728
-21.610691,99,1129.992711
-21.593073,99,1130.416057
-21.512707,99,1130.835102
-23.701668,99,1131.433623
-24.614931,99,1132.006625
-24.409288,99,1132.567626
-25.052158,99,1133.151625
-25.293985,99,1133.711625
-20.980722,94,1134.164623
-22.074709,99,1134.582767
-22.076042,99,1135.005098
-22.101618,99,1135.429017
-22.873545,99,1135.851168
-23.624636,99,1136.446754
-23.22396,99,1137.023757
-23.978971,99,1137.731753
-24.49364,99,1138.311755
-24.92344,99,1138.891754
-23.304384,94,1139.33576
-23.886402,99,1139.76075
-23.978363,99,1140.183651
-23.982235,99,1140.606003
-24.554193,99,1141.023919
-25.31173,99,1141.73945
-23.708748,99,1142.39445
-22.379671,99,1142.98045
-23.038897,99,1143.537452
-21.790304,99,1144.121452
-22.58915,94,1144.612646
-23.932983,99,1145.030107
-24.138645,99,1145.448028
-23.900223,99,1145.891122
-23.9022,99,1146.307122
-25.147118,99,1147.007851
-24.692535,99,1147.576849
-24.808302,99,1148.142848
-25.399202,99,1148.706853
-23.971983,99,1149.392851
-20.447666,94,1149.836852
-22.074709,99,1150.267852
-21.805494,99,1150.687813
-22.026114,99,1151.109646
-21.878725,99,1151.533187
-22.284456,99,1152.150942
-21.9546,99,1152.759939
-24.784431,99,1153.339942
-24.530104,99,1154.071938
-24.084497,99,1154.648939
-23.09981,94,1155.090829
-24.476395,99,1155.50179
-24.466497,99,1155.913281
-24.4566,99,1156.338176
-24.459038,99,1156.75713
-24.115646,99,1157.485285
-22.53729,99,1158.066285
-22.461473,99,1158.669286
-22.704449,99,1159.230288
-23.676928,99,1159.805285
-21.620981,94,1160.252286
-22.094582,99,1160.661064
-22.969152,99,1161.07978
-22.836866,99,1161.500394
-22.961943,99,1161.922746
-25.374794,99,1162.642178
-24.582817,99,1163.319175
-23.25536,99,1163.884176
-23.475504,99,1164.452178
-23.202637,99,1165.015175
-23.201202,94,1165.569176
-24.409824,99,1165.982793
-24.471445,99,1166.399635
-24.46337,99,1166.824157
-24.46441,99,1167.246092
-23.374979,99,1167.856125
-24.54545,99,1168.427125
-25.3258,99,1168.976126
-23.760784,99,1169.565126
-24.391417,99,1170.793693
-22.072891,94,1171.250694
-23.212267,99,1171.677692
-23.198208,99,1172.097693
-23.182426,99,1172.524304
-23.043661,99,1172.954565
-22.840958,99,1173.547295
-22.740158,99,1174.148335
-25.148935,99,1174.738296
-23.545357,99,1175.349295
-24.559227,99,1175.932297
-20.839079,94,1176.385297
-21.9546,99,1176.815297
-22.045986,99,1177.242164
-22.074709,99,1177.666203
-22.101618,99,1178.088202
-22.879145,99,1178.805478
-22.808432,99,1179.393477
-23.617836,99,1180.088475
-24.099188,99,1180.661478
-21.975815,99,1181.223478
-22.972298,94,1181.681479
-24.195889,99,1182.109219
-24.164228,99,1182.533534
-24.286222,99,1182.965063
-24.248112,99,1183.393483
-24.94649,99,1184.094278
-21.30112,99,1184.7113
-22.59732,99,1185.282282
-22.761383,99,1185.859276
-24.881878,99,1186.445278
-20.93521,94,1187.00728
-21.916124,99,1187.431938
-22.185339,99,1187.862223
-22.185339,99,1188.28378
-22.180496,99,1188.707441
-23.54888,99,1189.399626
-24.06993,99,1189.974627
-22.10425,99,1190.545628
-24.45941,99,1191.105629
-23.865974,99,1191.71063
-16.681475,94,1192.160628
-17.371737,99,1192.570628
-17.499077,99,1192.98539
-17.768751,99,1193.404883
-17.504452,99,1193.826635
-22.22095,99,1194.423492
-22.023808,99,1194.991496
-24.043571,99,1195.556497
-26.049824,99,1196.146497
-24.20323,99,1196.714494
-20.34626,94,1197.167653
-21.288727,99,1197.589048
-21.548338,99,1198.008889
-21.3388,99,1198.43033
-21.453104,99,1198.853694
-21.978443,99,1199.565952
-25.91022,99,1200.121949
-25.670092,99,1201.878661
-25.042385,99,1202.441664
-25.857038,99,1203.015665
-20.838463,94,1203.466772
-21.962353,99,1203.884221
-22.088593,99,1204.302529
-21.96701,99,1204.720572
-21.955317,99,1205.142251
-23.618382,99,1205.733213
-24.162907,99,1206.330211
-24.471098,99,1206.894211
-24.759165,99,1207.460212
-22.171656,99,1208.024212
-19.603113,94,1208.543211
-20.845993,99,1208.95786
-20.845993,99,1209.378765
-20.682331,99,1209.800769
-20.49887,99,1210.223951
-25.648628,99,1210.92364
-25.640825,99,1211.495636
-24.495007,99,1212.066641
-24.706894,99,1212.63464
-24.70453,99,1213.34964
-23.127121,94,1213.800906
-24.48674,99,1214.224574
-24.40534,99,1214.645313
-24.40804,99,1215.062279
-24.414932,99,1215.479594
-24.86771,99,1216.083468
-22.189316,99,1216.653466
-20.447824,99,1217.225466
-23.029772,99,1217.812467
-22.141127,99,1218.391469
-20.851488,94,1218.835389
-22.044157,99,1219.24739
-22.18538,99,1219.667038
-21.953983,99,1220.082544
-22.094582,99,1220.494777
-23.991158,99,1221.19364
-23.31395,99,1221.770636
-22.422997,99,1222.441639
-24.189457,99,1223.007639
-22.470072,99,1223.563638
-23.273415,94,1224.012637
-24.511906,99,1224.434724
-24.521698,99,1224.854372
-24.521698,99,1225.272051
-24.588284,99,1225.692422
-24.251806,99,1226.378029
-23.907272,99,1227.054029
-22.51649,99,1227.612029
-25.125797,99,1228.175029
-22.37598,99,1228.741031
-22.869976,94,1229.30103
-24.089258,99,1229.715847
-24.109663,99,1230.133708
-24.072126,99,1230.549194
-24.109663,99,1230.966199
-24.36806,99,1231.664165
-24.29768,99,1232.232165
-23.257322,99,1232.798168
-22.85209,99,1233.368166
-22.988111,99,1234.078166
-20.82458,94,1234.586205
-22.094582,99,1235.002505
-21.825367,99,1235.422426
-21.940102,99,1235.843873
-22.101618,99,1236.267837
-23.00157,99,1236.897103
-21.368578,99,1237.464102
-23.226933,99,1238.0321
-23.495098,99,1238.715102
-24.675323,99,1239.296101
-23.05424,94,1239.741102
-24.313066,99,1240.155101
-24.246675,99,1240.57652
-24.300756,99,1240.995363
-24.281862,99,1241.415016
-25.266191,99,1242.128274
-22.460384,99,1242.69827
-22.532322,99,1243.398517
-24.921461,99,1243.963518
-23.659168,99,1244.514515
-22.155624,94,1244.961517
-23.45604,99,1245.378427
-23.420395,99,1245.799357
-23.49467,99,1246.219534
-23.485893,99,1246.642521
-23.939678,99,1247.254483
-24.985096,99,1247.929481
-22.702688,99,1248.480481
-23.530626,99,1249.032485
-24.928898,99,1249.591479
-23.370895,94,1250.165483
-24.609282,99,1250.574663
-24.61423,99,1250.992869
-24.59775,99,1251.416379
-24.61423,99,1251.838554
-24.528397,99,1252.552834
-24.462925,99,1253.119836
-24.361187,99,1253.688835
-25.008335,99,1254.251834
-24.907015,99,1254.927838
-22.1458,94,1255.369836
-23.49904,99,1255.783849
-23.45951,99,1256.203968
-23.499275,99,1256.622787
-24.168596,99,1257.046267
-24.804792,99,1257.649263
-24.380491,99,1258.230263
-24.827318,99,1258.806264
-24.259102,99,1259.39326
-22.291933,99,1259.964264
-21.11348,94,1260.4073
-22.259403,99,1260.822313
-22.273666,99,1261.242594
-22.189528,99,1261.662959
-22.33075,99,1262.081478
-24.173363,99,1262.792176
-23.390396,99,1263.368174
-24.005936,99,1264.037176
-24.009108,99,1264.620173
-24.630033,99,1265.188174
-23.34,94,1265.633214
-24.531507,99,1266.052179
-24.535986,99,1266.469804
-24.581856,99,1266.890988
-24.541405,99,1267.311372
-24.521908,99,1267.91054
-24.572084,99,1268.51754
-25.33768,99,1269.092541
-25.233866,99,1269.660541
-24.727404,99,1270.225538
-23.360996,94,1270.690545
-24.594435,99,1271.107858
-24.573437,99,1271.528651
-24.609282,99,1271.947873
-24.570473,99,1272.367083
-23.487206,99,1273.044726
-22.635622,99,1273.602726
-22.890936,99,1274.169725
-22.617384,99,1274.728723
-22.19321,99,1275.322727
-20.97906,94,1275.769768
-21.96701,99,1276.191271
-21.940102,99,1276.612221
-22.048367,99,1277.030444
-22.101618,99,1277.445834
-22.379147,99,1278.207117
-22.126396,99,1278.77512
-23.307257,99,1279.322121
-21.82664,99,1280.000118
-22.58412,99,1280.57212
-20.851488,94,1281.022122
-21.563187,99,1281.437196
-21.74545,99,1281.857934
-21.96701,99,1282.278391
-21.96701,99,1282.697822
-21.651117,99,1283.408389
-21.967438,99,1283.970391
-22.737848,99,1284.573393
-22.671598,99,1285.139391
-20.739748,99,1285.704393
-20.986095,94,1286.148393
-22.096245,99,1286.55796
-22.074709,99,1286.977746
-21.953983,99,1287.395835
-22.074709,99,1287.817241
-22.541008,99,1288.535561
-22.12016,99,1289.141559
-21.987604,99,1289.713561
-22.225908,99,1290.291562
-22.917604,99,1290.859562
-20.986095,94,1291.336561
-21.832403,99,1291.761561
-22.013332,99,1292.189563
-22.101618,99,1292.612656
-22.083218,99,1293.029119
-22.199911,99,1293.740273
-21.904902,99,1294.314272
-22.071043,99,1294.878276
-21.780064,99,1295.450272
-21.428318,99,1296.073275
-20.986095,94,1296.513313
-22.101618,99,1296.934003
-22.094582,99,1297.354951
-22.053022,99,1297.77786
-21.70176,99,1298.223922
-22.483904,99,1298.948922
-23.117655,99,1299.525921
-22.126612,99,1300.103921
-21.025341,99,1300.742923
-23.7567,99,1301.310922
-20.71688,94,1301.756921
-22.096245,99,1302.179959
-21.665257,99,1302.598921
-21.962353,99,1303.008047
-21.819376,99,1303.425751
-22.03105,99,1304.032728
-22.19989,99,1304.609726
-22.222769,99,1305.22473
-23.868711,99,1305.79473
-22.975286,99,1306.35773
-20.851488,94,1306.851063
-22.088593,99,1307.272608
-21.96701,99,1307.687735
-22.101618,99,1308.108143
-22.088593,99,1308.523287
-22.641287,99,1309.242068
-22.604374,99,1309.867069
-23.551035,99,1310.434071
-22.188984,99,1311.004071
-21.906265,99,1311.582068
-20.845526,94,1312.13207
-21.664925,99,1312.550143
-21.961048,99,1312.972403
-21.93414,99,1313.393718
-22.013332,99,1313.814757
-21.938297,99,1314.525748
-22.340046,99,1315.091749
-23.051455,99,1315.65675
-24.551638,99,1316.219749
-22.341673,99,1316.831749
-20.932844,94,1317.271748
-22.074709,99,1317.687751
-22.074709,99,1318.110749
-22.101618,99,1318.53246
-22.089209,99,1318.95437
-22.234018,99,1319.668737
-21.965532,99,1320.231737
-22.48962,99,1320.798738
-23.484003,99,1321.394739
-23.39344,99,1321.962735
-20.82458,94,1322.414491
-22.101618,99,1322.830377
-21.940102,99,1323.253784
-22.013332,99,1323.680823
-22.101618,99,1324.100823
-23.791729,99,1324.846277
-22.877138,99,1325.413271
-22.263584,99,1326.024273
-22.099731,99,1326.586274
-22.81167,99,1327.155275
-20.851488,94,1327.604279
-21.96701,99,1328.011277
-21.62076,99,1328.422355
-21.96701,99,1328.839296
-22.076042,99,1329.255764
-21.312838,99,1329.99235
-22.30225,99,1330.611348
-23.227808,99,1331.186349
-22.651806,99,1331.752349
-21.954702,99,1332.311348
-20.71688,94,1332.891351
-22.09696,99,1333.313425
-22.021841,99,1333.737819
-21.953985,99,1334.156188
-21.832403,99,1334.578653
-22.38915,99,1335.289785
-22.733393,99,1335.854782
-23.26155,99,1336.430781
-23.736883,99,1336.998782
-24.756758,99,1337.610782
-20.839079,94,1338.054782
-22.101618,99,1338.468964
-21.953983,99,1338.887786
-21.953983,99,1339.308317
-21.832403,99,1339.728739
-22.96648,99,1340.42251
-23.640556,99,1340.986511
-23.19408,99,1341.550513
-22.610928,99,1342.260513
-21.824978,99,1342.84151
-20.97307,94,1343.285512
-22.013332,99,1343.70541
-22.094582,99,1344.12231
-21.962353,99,1344.539342
-22.088593,99,1344.958455
-23.528494,99,1345.681931
-25.207369,99,1346.254931
-22.590384,99,1346.871931
-22.583052,99,1347.442931
-21.848719,99,1348.007932
-20.851488,94,1348.44993
-22.074709,99,1348.861931
-22.074709,99,1349.281304
-22.101618,99,1349.705003
-22.2956,99,1350.123807
-22.489056,99,1350.828801
-22.451168,99,1351.415801
-22.65455,99,1351.993801
-21.825367,99,1352.557798
-23.00717,99,1353.1348
-20.851488,94,1353.724801
-21.961636,99,1354.141447
-21.940102,99,1354.56801
-22.101618,99,1354.995513
-21.827028,99,1355.413947
-21.500566,99,1356.045902
-22.651688,99,1356.602903
-23.977278,99,1357.161904
-23.920666,99,1357.719907
-25.861195,99,1358.319902
-20.70447,94,1358.761904
-21.961637,99,1359.178266
-22.101618,99,1359.599473
-22.101618,99,1360.023495
-22.101618,99,1360.444552
-23.820595,99,1361.064327
-22.343962,99,1361.635325
-22.673794,99,1362.206322
-22.055079,99,1362.885327
-24.85407,99,1363.458327
-20.932844,94,1363.905937
-21.96701,99,1364.326056
-22.074709,99,1364.745893
-21.96701,99,1365.163355
-22.074709,99,1365.579674
-22.579569,99,1366.280407
-21.862247,99,1366.848407
-21.649035,99,1367.461404
-23.203604,99,1368.031407
-22.22146,99,1368.590408
-20.986095,94,1369.028452
-21.96701,99,1369.446044
-21.96701,99,1369.864
-22.101618,99,1370.285249
-21.96701,99,1370.703933
-22.709059,99,1371.320683
-23.449564,99,1371.904683
-24.562569,99,1372.464684
-22.358109,99,1373.09368
-23.334038,99,1373.698683
-20.97906,94,1374.208682
-22.101618,99,1374.628682
-21.96701,99,1375.050838
-22.101618,99,1375.471314
-22.013332,99,1375.895405
-21.874,99,1376.615128
-15.237197,99,1377.19113
-19.723152,99,1377.765126
-20.267433,99,1378.335128
-15.300928,99,1379.115129
-15.859108,94,1379.567168
-17.01442,99,1379.979523
-17.063797,99,1380.394671
-16.96434,99,1380.820176
-17.055832,99,1381.246508
-20.516775,99,1381.921738
-18.52927,99,1382.482738
-19.359707,99,1383.058741
-22.665356,99,1383.72874
-20.926373,99,1384.294741
-20.560717,94,1384.75774
-21.6094,99,1385.170539
-19.40801,99,1385.592496
-19.523222,99,1386.013135
-19.500507,99,1386.436327
-22.363363,99,1387.197477
-20.79159,99,1387.758474
-22.11064,99,1388.333474
-21.70695,99,1388.899473
-22.27892,99,1389.467472
-13.351281,94,1389.911542
-14.045664,99,1390.337835
-14.045664,99,1390.76014
-14.140594,99,1391.183296
-14.022212,99,1391.610112
-18.468096,99,1392.229102
-22.449497,99,1392.8491
-21.010036,99,1393.415101
-18.588127,99,1393.9751
-21.492332,99,1394.550103
-20.468384,94,1395.139068
-21.030193,99,1395.56096
-21.340258,99,1395.985949
-21.212847,99,1396.40792
-21.340258,99,1396.831664
-22.538698,99,1397.693415
-21.729162,99,1398.260413
-22.158321,99,1398.824413
-20.276451,99,1399.401413
-22.690416,99,1400.125412
-18.265285,94,1400.572413
-19.423782,99,1400.990449
-19.38686,99,1401.416121
-19.282347,99,1401.861949
-19.403908,99,1402.295948
-21.001867,99,1403.011037
-21.674164,99,1403.586034
-21.98073,99,1404.148035
-22.622551,99,1404.905034
-21.791027,99,1405.478034
-20.9375,94,1405.922869
-21.353819,99,1406.336822
-21.340258,99,1406.758473
-21.959974,99,1407.179371
-21.96701,99,1407.600296
-22.429327,99,1408.318777
-19.47028,99,1408.887776
-19.236814,99,1409.491773
-21.682213,99,1410.063776
-21.105606,99,1410.630774
-20.26054,94,1411.074744
-21.310701,99,1411.502397
-21.6778,99,1411.914396
-21.310701,99,1412.334397
-21.486319,99,1412.752545
-20.867704,99,1413.459048
-20.90979,99,1414.090044
-21.434277,99,1414.646046
-21.707293,99,1415.230043
-21.459967,99,1415.790048
-20.617706,94,1416.287046
-21.701962,99,1416.705738
-21.271454,99,1417.124943
-21.657085,99,1417.537903
-17.957909,99,1417.9559
-21.555073,99,1418.59521
-22.014492,99,1419.158209
-21.148197,99,1419.72421
-20.590178,99,1420.27921
-21.418596,99,1420.898212
-20.49149,94,1421.344212
-21.5908,99,1421.757211
-21.186012,99,1422.171002
-21.368666,99,1422.593867
-21.604683,99,1423.017176
-21.970753,99,1423.641711
-20.484718,99,1424.221709
-22.913622,99,1424.790707
-22.619324,99,1425.462709
-20.023487,99,1426.022711
-18.455864,94,1426.475745
-19.216965,99,1426.891986
-19.430819,99,1427.313313
-19.03342,99,1427.733829
-19.430819,99,1428.161546
-19.011507,99,1428.890707
-21.106808,99,1429.464708
-19.920923,99,1430.075707
-20.286291,99,1430.642704
-21.220163,99,1431.207704
-18.44081,94,1431.646707
-19.685251,99,1432.084271
-19.430819,99,1432.538237
-19.005583,99,1432.963819
-19.430819,99,1433.392314
-20.420506,99,1434.130098
-21.94653,99,1434.729099
-21.912613,99,1435.304097
-22.394503,99,1435.862098
-17.134516,99,1436.440098
-18.249046,94,1436.930096
-19.403908,99,1437.353052
-19.425444,99,1437.777041
-19.417097,99,1438.200716
-19.220446,99,1438.625671
-19.780922,99,1439.338623
-19.20826,99,1439.912623
-19.680656,99,1440.484624
-19.285345,99,1441.049621
-15.884587,99,1441.645624
-15.055025,94,1442.084622
-15.740637,99,1442.508978
-15.805966,99,1442.93166
-16.14278,99,1443.35642
-15.965702,99,1443.778207
-16.86345,99,1444.366071
-21.310915,99,1444.949071
-20.143833,99,1445.518072
-21.327475,99,1446.126071
-20.148705,99,1446.69407
-18.244389,94,1447.148074
-19.417791,99,1447.570544
-19.430819,99,1447.994557
-19.208057,99,1448.418172
-19.376387,99,1448.841798
-20.692669,99,1449.553468
-20.300413,99,1450.124466
-20.394672,99,1450.744463
-22.656923,99,1451.326468
-22.207996,99,1451.888467
-15.246736,94,1452.33647
-21.526844,99,1452.754076
-15.849884,99,1453.17124
-16.340694,99,1453.595293
-16.062906,99,1454.016094
-16.030584,99,1454.739802
-20.036839,99,1455.326802
-21.639158,99,1455.891802
-19.967142,99,1456.452801
-20.687742,99,1457.021846
-13.294432,94,1457.5978
-14.262869,99,1458.019641
-13.984157,99,1458.444016
-13.993423,99,1458.860699
-14.131206,99,1459.286592
-21.985016,99,1459.907333
-18.377872,99,1460.471328
-21.705551,99,1461.048331
-21.537428,99,1461.616333
-20.362553,99,1462.297332
-20.014685,94,1462.744336
-21.493355,99,1463.163332
-21.026857,99,1463.587069
-21.493355,99,1464.013622
-21.466446,99,1464.427577
-21.486319,99,1465.108386
-18.62922,99,1465.677387
-19.154469,99,1466.24839
-20.336626,99,1466.958389
-19.063087,99,1467.51739
-15.243344,94,1467.972732
-16.052185,99,1468.397913
-16.052185,99,1468.822243
-15.936611,99,1469.246449
-15.909702,99,1469.670519
-19.166971,99,1470.259598
-20.912287,99,1470.830601
-21.992695,99,1471.427602
-19.806337,99,1471.9996
-18.8393,99,1472.5756
-15.014924,94,1473.023644
-15.990722,99,1473.444258
-16.096525,99,1473.859706
-16.1164,99,1474.282711
-16.110409,99,1474.699312
-18.186333,99,1475.422171
-21.274372,99,1476.035172
-19.601645,99,1476.599169
-21.703835,99,1477.165172
-22.589464,99,1477.737171
-18.932644,94,1478.301171
-20.112047,99,1478.723866
-20.099022,99,1479.148451
-19.975431,99,1479.569486
-20.024073,99,1479.987186
-20.1924,99,1480.705496
-20.529753,99,1481.285494
-14.302437,99,1481.844499
-21.58689,99,1482.417498
-15.798098,99,1483.037494
-8.728584,94,1483.490497
-8.623829,99,1483.912935
-8.69441,99,1484.33591
-9.382456,99,1484.758977
-8.949006,99,1485.190936
-10.402837,99,1485.829327
-14.639766,99,1486.403323
-13.302315,99,1486.983322
-12.02949,99,1487.592324
-9.760727,99,1488.164325
-9.352911,94,1488.610325
-8.825467,99,1489.033487
-10.167925,99,1489.457102
-9.234379,99,1489.881823
-8.703604,99,1490.302859
-18.28261,99,1490.956454
-21.044546,99,1491.534458
-21.177706,99,1492.209457
-14.9354515,99,1492.783458
-9.398295,99,1493.366458
-13.000833,94,1493.816456
-13.047278,99,1494.243499
-13.139225,99,1494.668258
-13.604704,99,1495.09528
-13.4905205,99,1495.517394
-13.753632,99,1496.12045
-16.961983,99,1496.763449
-21.520773,99,1497.329452
-20.119509,99,1497.902452
-21.27268,99,1498.476453
-13.467912,94,1499.038453
-14.272172,99,1499.45951
-14.008554,99,1499.877378
-14.728789,99,1500.299161
-14.01867,99,1500.723341
-10.641479,99,1501.340935
-10.710986,99,1501.897934
-18.267286,99,1502.459937
-16.715633,99,1503.042934
-13.764357,99,1503.739934
-16.961647,94,1504.182488
-14.096403,99,1504.596029
-14.157051,99,1505.021187
-17.496136,99,1505.455228
-17.427425,99,1505.871624
-17.708416,99,1506.476007
-20.300507,99,1507.046005
-17.32814,99,1507.611004
-15.738994,99,1508.220006
-21.318178,99,1508.785003
-16.927536,94,1509.233383
-17.781666,99,1509.650117
-17.700733,99,1510.066718
-17.590742,99,1510.488574
-17.46427,99,1510.909569
-21.027765,99,1511.625946
-22.433737,99,1512.192944
-12.842952,99,1513.47783
-12.799785,99,1514.050826
-20.67823,99,1515.628138
-13.26211,94,1516.073187
-13.639406,99,1516.495988
-13.198414,99,1516.917088
-14.063619,99,1517.341492
-13.7065325,99,1517.763787
-22.026527,99,1518.461027
-17.713488,99,1519.075029
-12.235962,99,1519.646027
-17.307962,99,1520.211026
-11.764727,99,1520.784029
-3.9835477,94,1521.259387
-11.479253,99,1521.684653
-10.491118,99,1522.107466
-3.8250265,99,1522.533758
-9.454559,99,1522.956348
-20.299332,99,1523.689867
-17.954197,99,1524.271865
-17.745678,99,1524.833866
-16.952421,99,1525.405867
-9.58993,99,1526.095866
-12.714335,94,1526.540865
-11.993945,99,1526.952657
-12.237289,99,1527.369196
-14.010075,99,1527.791635
-13.64313,99,1528.211474
-21.142727,99,1528.942097
-18.672655,99,1529.513096
-20.579155,99,1530.076098
-12.07512,99,1530.7851
-8.752553,99,1531.352097
-13.119283,94,1531.802103
-13.64885,99,1532.224038
-8.292977,99,1532.646456
-13.487054,99,1533.072153
-8.265005,99,1533.496919
-16.596886,99,1534.208699
-19.690413,99,1534.796699
-17.655445,99,1535.416699
-19.721521,99,1535.988697
-11.471693,99,1536.558699
-19.58766,94,1537.003697
-20.878872,99,1537.426054
-20.638783,99,1537.849699
-15.549497,99,1538.273528
-20.879007,99,1538.696143
-20.197268,99,1539.405757
-15.4690485,99,1539.997758
-15.689809,99,1540.559761
-22.62238,99,1541.136757
-19.395897,99,1541.711759
-3.8503754,94,1542.206798
-4.0500183,99,1542.625423
-4.163231,99,1543.050129
-4.761012,99,1543.472167
-3.7101903,99,1543.895701
-9.882294,99,1544.636515
-16.796085,99,1545.218516
-10.239631,99,1545.787517
-19.028671,99,1546.344519
-9.284204,99,1546.971519
-3.9522755,94,1547.416517
-8.4931135,99,1547.827521
-5.0155873,99,1548.238521
-7.215493,99,1548.662905
-3.9313295,99,1549.081785
-14.51085,99,1549.770838
-11.824414,99,1550.33984
-7.350456,99,1550.89884
-17.903885,99,1551.51384
-17.487251,99,1552.095839
-3.716011,94,1552.541838
-4.3828835,99,1552.95284
-11.1507225,99,1553.370514
-12.812218,99,1553.791491
-4.232399,99,1554.214707
-14.994057,99,1555.070235
-13.195609,99,1555.64823
-21.48412,99,1556.430233
-9.758721,99,1556.996232
-17.637737,99,1557.573233
-9.026823,94,1558.016283
-8.684307,99,1558.44015
-8.938299,99,1558.857863
-9.130744,99,1559.28019
-9.008881,99,1559.704345
-10.583871,99,1560.388845
-13.041722,99,1560.992849
-20.528168,99,1561.549846
-13.0843725,99,1562.10785
-17.06346,99,1562.673847
-20.541393,94,1563.148848
-16.530836,99,1563.573122
-13.646865,99,1563.989489
-21.561369,99,1564.413205
-13.932471,99,1564.837269
-13.818533,99,1565.55814
-19.567074,99,1566.119139
-14.853071,99,1566.69214
-14.198932,99,1567.260139
-11.180832,99,1568.684867
-6.783426,94,1569.131866
-6.857847,99,1569.547855
-7.91463,99,1569.966846
-7.331212,99,1570.389802
-6.961604,99,1570.812392
-9.660462,99,1571.413747
-11.830617,99,1571.968747
-7.2220836,99,1572.530746
-10.33575,99,1573.221748
-8.191778,99,1573.782749
-13.1793165,94,1574.222747
-13.370897,99,1574.639941
-13.143147,99,1575.063351
-13.411339,99,1575.508316
-13.499803,99,1575.934099
-17.602139,99,1576.995399
-19.871197,99,1577.555394
-10.277206,99,1578.234395
-9.298786,99,1578.795396
-20.609365,99,1579.367395
-4.641906,94,1579.813398
-3.8658767,99,1580.236562
-6.411561,99,1580.657986
-5.2858043,99,1581.081092
-6.7977157,99,1581.507138
-16.382303,99,1582.110135
-14.009101,99,1582.702137
-16.254454,99,1583.276138
-12.87581,99,1583.850135
-15.916171,99,1584.425138
-7.5972724,94,1584.961139
-4.337858,99,1585.378307
-8.274322,99,1585.798386
-4.3851385,99,1586.224484
-4.0075393,99,1586.647955
-10.583956,99,1587.270744
-11.781763,99,1587.844743
-19.610004,99,1588.420743
-9.257817,99,1588.982743
-9.181425,99,1589.671742
-4.985388,94,1590.116907
-5.565839,99,1590.537232
-4.466086,99,1590.960752
-6.482111,99,1591.380005
-3.9832618,99,1591.80098
-5.803892,99,1592.492242
-11.950308,99,1593.062244
-13.497464,99,1593.634246
-13.647706,99,1594.244246
-9.425949,99,1594.818244
-8.658004,94,1595.265244
-9.00888,99,1595.698831
-9.08138,99,1596.119901
-8.706859,99,1596.544607
-9.995291,99,1596.968712
-9.31082,99,1597.594109
-11.828201,99,1598.175107
-15.530856,99,1598.851106
-11.73472,99,1599.40711
-12.98393,99,1599.968111
-8.728584,94,1600.422151
-8.999684,99,1600.845778
-9.314157,99,1601.287774
-8.633022,99,1601.697775
-9.171517,99,1602.109818
-17.42352,99,1602.725459
-15.542046,99,1603.341456
-9.024559,99,1603.915459
-12.021275,99,1604.483459
-7.2756977,99,1605.047457
-3.9001527,94,1605.625499
-4.2416553,99,1606.047232
-4.1254354,99,1606.47067
-6.497821,99,1606.900909
-4.677438,99,1607.324905
-19.951275,99,1607.934517
-10.019558,99,1608.508513
-9.362401,99,1609.088516
-15.154949,99,1609.659517
-9.64479,99,1611.358344
-4.2251534,94,1611.798341
-4.589291,99,1612.216978
-4.2569366,99,1612.639146
-4.515423,99,1613.063653
-4.589292,99,1613.485826
-14.45207,99,1614.199973
-13.313597,99,1614.769973
-17.815952,99,1615.344974
-10.640354,99,1615.938969
-7.2615223,99,1616.507972
-8.890119,94,1617.031972
-9.494986,99,1617.449971
-9.745064,99,1617.874307
-8.774184,99,1618.292919
-9.991938,99,1618.716925
-10.366691,99,1620.162563
-13.0071125,99,1620.738558
-14.497812,99,1621.393563
-8.512104,99,1621.966563
-19.203653,99,1622.518561
-4.2258377,94,1622.966561
-4.2512093,99,1623.385031
-3.8830955,99,1623.808409
-3.8830955,99,1624.234409
-4.32197,99,1624.655584
-10.512569,99,1626.410712
-10.201169,99,1627.011714
-13.363741,99,1627.578715
-9.320349,99,1628.147714
-8.129899,99,1628.735714
-5.3352394,94,1629.272148
-4.1201286,99,1629.699247
-3.6339753,99,1630.126249
-4.4332857,99,1630.617251
-3.771766,99,1631.033267
-15.354804,99,1631.874086
-15.712463,99,1632.477087
-13.789682,99,1633.042085
-6.1180778,99,1633.605084
-7.9226375,99,1634.289087
-8.47459,94,1634.746029
-8.774184,99,1635.159422
-8.613726,99,1635.582791
-9.304962,99,1635.996757
-9.00888,99,1636.417879
-18.339321,99,1637.081599
-8.018576,99,1637.654601
-8.30869,99,1638.220601
-11.689423,99,1638.828602
-7.5307455,99,1639.384598
-4.365055,94,1639.8266
-3.9489584,99,1640.239597
-4.362697,99,1640.660346
-4.2053204,99,1641.083703
-4.988426,99,1641.514413
-15.759268,99,1642.143717
-16.511543,99,1642.714716
-18.252014,99,1643.308717
-10.487461,99,1643.885719
-13.410393,99,1644.452719
-3.6256292,94,1644.895718
-3.7748363,99,1645.314512
-4.015793,99,1645.739459
-4.13988,99,1646.160216
-4.528619,99,1646.584711
-7.131275,99,1647.209056
-6.0086265,99,1647.809054
-7.7796364,99,1648.386054
-5.577897,99,1648.942055
-6.705021,99,1649.516055
-4.329682,94,1650.103056
-3.771766,99,1650.526061
-3.8830955,99,1650.951066
-5.551364,99,1651.372257
-4.5405364,99,1651.789287
-12.200589,99,1652.522567
-9.313961,99,1653.086562
-7.0445104,99,1653.648566
-14.253799,99,1654.218567
-9.777028,99,1654.917565
-3.7821133,94,1655.363564
-4.3750186,99,1655.789258
-3.8658767,99,1656.225755
-4.4875937,99,1656.648896
-3.8612192,99,1657.068251
-5.4819655,99,1657.706696
-22.096024,99,1658.274693
-15.765074,99,1658.843694
-15.972562,99,1659.449692
-11.130204,99,1660.003694
-13.465845,94,1660.448693
-14.214834,99,1660.868694
-14.150196,99,1661.295355
-14.014409,99,1661.717953
-15.022968,99,1662.139787
-7.965848,99,1662.740135
-10.982135,99,1663.304137
-9.582316,99,1664.062138
-10.265769,99,1664.624136
-15.089686,99,1665.193135
-13.509222,94,1665.643978
-14.045664,99,1666.068834
-13.965881,99,1666.492233
-14.158234,99,1666.906398
-14.067284,99,1667.326082
-13.229395,99,1667.943198
-9.965875,99,1668.554198
-5.64606,99,1669.118197
-16.428497,99,1669.687196
-7.561117,99,1670.239194
-4.6657114,94,1670.846201
-4.3073645,99,1671.267302
-3.9327116,99,1671.687629
-4.6555862,99,1672.109523
-4.481636,99,1672.536699
-10.449048,99,1673.158759
-15.872913,99,1673.717761
-11.68362,99,1674.280762
-9.361735,99,1674.860759
-9.427461,99,1675.566762
-5.626618,94,1676.008763
-4.7234554,99,1676.429507
-4.3055997,99,1676.853509
-4.8725257,99,1677.276783
-4.7942376,99,1677.700815
-21.23304,99,1678.327359
-4.24162,99,1678.901358
-9.138563,99,1679.451357
-13.172536,99,1680.048359
-16.681973,99,1680.604357
-4.051915,94,1681.044359
-5.2031384,99,1681.45813
-4.980735,99,1681.878888
-5.2551947,99,1682.296245
-4.7427626,99,1682.718944
-5.8298965,99,1683.35828
-13.713697,99,1683.936282
-11.167783,99,1684.611282
-6.1789703,99,1685.17028
-15.524877,99,1685.741281
-3.7935426,94,1686.19828
-4.3900385,99,1686.612281
-4.3891935,99,1687.027281
-4.3692493,99,1687.447281
-4.477805,99,1687.866849
-10.86229,99,1688.470067
-12.177495,99,1689.101065
-11.774362,99,1689.661067
-8.770065,99,1690.218068
-6.4938498,99,1690.783067
-5.4594927,94,1691.352314
-3.8830955,99,1691.776123
-4.9632974,99,1692.195282
-4.6128364,99,1692.620281
-4.3549156,99,1693.046071
-21.43227,99,1693.666277
-13.753263,99,1694.239277
-13.683386,99,1694.807276
-11.600677,99,1695.370277
-10.537381,99,1696.071277
-4.068671,94,1696.513277
-4.795121,99,1696.93612
-4.763792,99,1697.356945
-5.258884,99,1697.781363
-4.673862,99,1698.205395
-6.484847,99,1698.827876
-7.981705,99,1699.398878
-9.539091,99,1699.971878
-14.557999,99,1700.589878
-9.566216,99,1701.157877
-8.629326,94,1701.600603
-8.854692,99,1702.018716
-8.533765,99,1702.442079
-9.702622,99,1702.86572
-9.117409,99,1703.283188
-17.474094,99,1703.987889
-11.167676,99,1704.55889
-7.536333,99,1705.224885
-16.283375,99,1705.785886
-8.312567,99,1706.348887
-3.9978898,94,1706.794932
-4.8559847,99,1707.209003
-4.1280894,99,1707.627689
-3.6447263,99,1708.053689
-5.3839016,99,1708.476691
-11.536069,99,1709.482175
-21.18514,99,1710.137174
-18.037546,99,1710.728174
-15.005417,99,1711.304176
-14.621337,99,1711.885176
-8.814675,94,1712.46228
-9.698424,99,1712.883991
-9.094972,99,1713.308839
-10.133011,99,1713.729223
-8.604345,99,1714.15249
-6.703474,99,1714.873476
-8.29306,99,1715.432477
-12.15206,99,1716.003473
-9.089443,99,1716.566477
-10.552513,99,1717.155473
-4.8199525,94,1717.596145
-5.23642,99,1718.012212
-4.383808,99,1718.429446
-4.4952083,99,1718.853974
-4.1387825,99,1719.275056
-8.175613,99,1719.957589
-8.4454155,99,1720.534589
-10.388049,99,1721.09559
-20.353497,99,1721.776592
-19.090145,99,1722.342589
-4.241457,94,1722.784589
-3.8242767,99,1723.206726
-4.616355,99,1723.631365
-4.2403193,99,1724.055228
-3.6447263,99,1724.480652
-4.2275214,99,1725.104391
-6.6040525,99,1725.676391
-5.128318,99,1726.282392
-10.732426,99,1726.844392
-8.409071,99,1727.413389
-3.7368019,94,1727.853391
-4.5740995,99,1728.272223
-5.684481,99,1728.696628
-3.9500008,99,1729.116379
-4.015913,99,1729.543351
-9.379492,99,1730.256567
-14.931936,99,1730.858566
-8.8575535,99,1731.426566
-10.604619,99,1731.987566
-6.1823463,99,1732.578568
-9.448175,94,1733.078565
-9.332027,99,1733.491565
-9.497411,99,1733.905488
-9.394159,99,1734.324685
-9.394159,99,1734.748609
-18.974222,99,1735.461608
-7.495199,99,1736.042606
-7.376424,99,1736.612607
-15.162488,99,1737.189607
-13.911615,99,1737.878606
-4.716014,94,1738.321207
-4.275448,99,1738.745577
-5.504615,99,1739.169002
-5.581618,99,1739.592023
-6.4596295,99,1740.004063
-15.1482525,99,1740.712418
-7.1929383,99,1741.288414
-7.4903016,99,1741.852415
-8.81734,99,1742.469412
-7.2485113,99,1743.042414
-4.468829,94,1743.486722
-3.8394156,99,1743.909421
-5.228483,99,1744.328758
-4.1754613,99,1744.749375
-4.832842,99,1745.175372
-9.733723,99,1745.918862
-9.646142,99,1746.494864
-9.85761,99,1747.092861
-9.006295,99,1747.644861
-8.160203,99,1748.209861
-8.399154,94,1748.659864
-9.149412,99,1749.081601
-9.176323,99,1749.502874
-9.246902,99,1749.923347
-9.552178,99,1750.338281
-6.766981,99,1751.058451
-8.447221,99,1751.702448
-15.354842,99,1752.264451
-6.3221245,99,1752.829448
-6.137041,99,1753.388448
-3.7814639,94,1753.879449
-6.633591,99,1754.302266
-4.3721995,99,1754.725402
-6.6582227,99,1755.150387
-3.9392498,99,1755.573606
-7.343379,99,1756.316908
-6.441574,99,1756.893908
-12.191783,99,1757.682913
-16.132954,99,1758.507913
-9.685368,99,1759.204908
-4.505529,94,1759.898911
-5.327076,99,1760.321016
-4.655395,99,1760.775012
-4.054676,99,1761.203013
-4.2339907,99,1761.623228
-6.3049655,99,1762.329068
-9.711577,99,1762.955069
-9.603218,99,1763.533068
-11.095107,99,1764.149068
-7.599861,99,1764.709068
-4.4900093,94,1765.16013
-3.720772,99,1765.585734
-4.3275995,99,1766.006903
-3.9420805,99,1766.424492
-4.4361553,99,1766.856178
-6.3012357,99,1767.588392
-14.112677,99,1768.163392
-9.922128,99,1768.760392
-17.175142,99,1769.323392
-7.9614773,99,1769.903392
-3.9878917,94,1770.354391
-3.9407191,99,1770.766394
-4.468507,99,1771.191304
-3.9041333,99,1771.618304
-4.023801,99,1772.038176
-12.460216,99,1797.850333
-13.595495,99,1798.434335
-7.4890356,99,1798.907335
-12.418941,99,1799.385334
-15.325047,99,1799.954337
-4.6022835,94,1800.507339
-4.278911,99,1800.922437
-4.054676,99,1801.341438
-3.8612192,99,1801.767043
-4.176014,99,1802.189563
-4.9346,99,1802.897834
-7.570524,99,1803.463833
-15.62488,99,1804.031833
-7.9503,99,1804.612832
-6.3189387,99,1805.234833
-4.2251534,94,1805.692833
-3.9489584,99,1806.122202
